Serial Number,file name,Relative file path,Sampling rate(Hz),Audio Duration(sec),Class ID
1,test1.wav,test1.wav,44100,2.36845805,1
2,test2.wav,test2.wav,44100,2.36845805,2
3,test3.wav,test3.wav,44100,0.975260771,1
4,test4.wav,test4.wav,44100,2.089818594,3
5,test5.wav,test5.wav,44100,1.300340136,3
6,test6.wav,test6.wav,44100,1.950498866,1
7,test7.wav,test7.wav,44100,2.36845805,1
8,test8.wav,test8.wav,44100,2.36845805,2
9,test9.wav,test9.wav,44100,0.975260771,1
10,test10.wav,test10.wav,44100,2.089818594,3
11,test11.wav,test11.wav,44100,1.300340136,3
12,test12.wav,test12.wav,44100,1.950498866,1
13,test13.wav,test13.wav,44100,2.36845805,1
14,test14.wav,test14.wav,44100,2.36845805,2
15,test15.wav,test15.wav,44100,0.975260771,1
16,test16.wav,test16.wav,44100,2.089818594,3
17,test17.wav,test17.wav,44100,1.300340136,3
18,test18.wav,test18.wav,44100,1.950498866,1
19,test19.wav,test19.wav,44100,2.36845805,1
20,test20.wav,test20.wav,44100,2.36845805,2
21,test21.wav,test21.wav,44100,0.975260771,1
22,test22.wav,test22.wav,44100,2.089818594,3
23,test23.wav,test23.wav,44100,1.300340136,3
24,test24.wav,test24.wav,44100,1.950498866,1
25,test25.wav,test25.wav,44100,2.36845805,1
26,test26.wav,test26.wav,44100,2.36845805,2
27,test27.wav,test27.wav,44100,0.975260771,1
28,test28.wav,test28.wav,44100,2.089818594,3
29,test29.wav,test29.wav,44100,1.300340136,3
30,test30.wav,test30.wav,44100,1.950498866,1
31,test31.wav,test31.wav,44100,2.36845805,1
32,test32.wav,test32.wav,44100,2.36845805,2
33,test33.wav,test33.wav,44100,0.975260771,1
34,test34.wav,test34.wav,44100,2.089818594,3
35,test35.wav,test35.wav,44100,1.300340136,3
36,test36.wav,test36.wav,44100,1.950498866,1
37,test37.wav,test37.wav,44100,2.36845805,1
38,test38.wav,test38.wav,44100,2.36845805,2
39,test39.wav,test39.wav,44100,0.975260771,1
40,test40.wav,test40.wav,44100,2.089818594,3
41,test41.wav,test41.wav,44100,1.300340136,3
42,test42.wav,test42.wav,44100,1.950498866,1
43,test43.wav,test43.wav,44100,2.36845805,1
44,test44.wav,test44.wav,44100,2.36845805,2
45,test45.wav,test45.wav,44100,0.975260771,1
46,test46.wav,test46.wav,44100,2.089818594,3
47,test47.wav,test47.wav,44100,1.300340136,3
48,test48.wav,test48.wav,44100,1.950498866,1
49,test49.wav,test49.wav,44100,2.36845805,1
50,test50.wav,test50.wav,44100,2.36845805,2
51,test51.wav,test51.wav,44100,0.975260771,1
52,test52.wav,test52.wav,44100,2.089818594,3
53,test53.wav,test53.wav,44100,1.300340136,3
54,test54.wav,test54.wav,44100,1.950498866,1
55,test55.wav,test55.wav,44100,2.36845805,1
56,test56.wav,test56.wav,44100,2.36845805,2
57,test57.wav,test57.wav,44100,0.975260771,1
58,test58.wav,test58.wav,44100,2.089818594,3
59,test59.wav,test59.wav,44100,1.300340136,3
60,test60.wav,test60.wav,44100,1.950498866,1
61,test61.wav,test61.wav,44100,2.36845805,1
62,test62.wav,test62.wav,44100,2.36845805,2
63,test63.wav,test63.wav,44100,0.975260771,1
64,test64.wav,test64.wav,44100,2.089818594,3
65,test65.wav,test65.wav,44100,1.300340136,3
66,test66.wav,test66.wav,44100,1.950498866,1
67,test67.wav,test67.wav,44100,2.36845805,1
68,test68.wav,test68.wav,44100,2.36845805,2
69,test69.wav,test69.wav,44100,0.975260771,1
70,test70.wav,test70.wav,44100,2.089818594,3
71,test71.wav,test71.wav,44100,1.300340136,3
72,test72.wav,test72.wav,44100,1.950498866,1
73,test73.wav,test73.wav,44100,2.36845805,1
74,test74.wav,test74.wav,44100,2.36845805,2
75,test75.wav,test75.wav,44100,0.975260771,1
76,test76.wav,test76.wav,44100,2.089818594,3
77,test77.wav,test77.wav,44100,1.300340136,3
78,test78.wav,test78.wav,44100,1.950498866,1
79,test79.wav,test79.wav,44100,2.36845805,1
80,test80.wav,test80.wav,44100,2.36845805,2
81,test81.wav,test81.wav,44100,0.975260771,1
82,test82.wav,test82.wav,44100,2.089818594,3
83,test83.wav,test83.wav,44100,1.300340136,3
84,test84.wav,test84.wav,44100,1.950498866,1
85,test85.wav,test85.wav,44100,2.36845805,1
86,test86.wav,test86.wav,44100,2.36845805,2
87,test87.wav,test87.wav,44100,0.975260771,1
88,test88.wav,test88.wav,44100,2.089818594,3
89,test89.wav,test89.wav,44100,1.300340136,3
90,test90.wav,test90.wav,44100,1.950498866,1
91,test91.wav,test91.wav,44100,2.36845805,1
92,test92.wav,test92.wav,44100,2.36845805,2
93,test93.wav,test93.wav,44100,0.975260771,1
94,test94.wav,test94.wav,44100,2.089818594,3
95,test95.wav,test95.wav,44100,1.300340136,3
96,test96.wav,test96.wav,44100,1.950498866,1
97,test97.wav,test97.wav,44100,2.36845805,1
98,test98.wav,test98.wav,44100,2.36845805,2
99,test99.wav,test99.wav,44100,0.975260771,1
100,test100.wav,test100.wav,44100,2.089818594,3
101,test101.wav,test101.wav,44100,1.904058957,1
102,test102.wav,test102.wav,44100,1.393219955,1
103,test103.wav,test103.wav,44100,1.904058957,1
104,test104.wav,test104.wav,44100,1.393219955,1
105,test105.wav,test105.wav,44100,1.857619048,1
106,test106.wav,test106.wav,44100,1.764739229,1
107,test107.wav,test107.wav,44100,2.554217687,1
108,test108.wav,test108.wav,44100,1.67185941,1
109,test109.wav,test109.wav,44100,1.71829932,1
110,test110.wav,test110.wav,44100,1.253900227,1
111,test111.wav,test111.wav,44100,1.625419501,1
112,test112.wav,test112.wav,44100,2.043378685,1
113,test113.wav,test113.wav,44100,1.67185941,2
114,test114.wav,test114.wav,44100,1.811179138,1
115,test115.wav,test115.wav,44100,1.578979592,1
116,test116.wav,test116.wav,44100,1.764739229,1
117,test117.wav,test117.wav,44100,1.811179138,1
118,test118.wav,test118.wav,44100,0.835941043,1
119,test119.wav,test119.wav,44100,1.811179138,1
120,test120.wav,test120.wav,44100,1.578979592,1
121,test121.wav,test121.wav,44100,1.764739229,1
122,test122.wav,test122.wav,44100,1.764739229,1
123,test123.wav,test123.wav,44100,1.996938776,1
124,test124.wav,test124.wav,44100,1.346780045,1
125,test125.wav,test125.wav,44100,1.393219955,1
126,test126.wav,test126.wav,44100,1.439659864,1
127,test127.wav,test127.wav,44100,1.578979592,1
128,test128.wav,test128.wav,44100,1.857619048,1
129,test129.wav,test129.wav,44100,1.764739229,1
130,test130.wav,test130.wav,44100,1.857619048,1
131,test131.wav,test131.wav,44100,1.904058957,1
132,test132.wav,test132.wav,44100,1.950498866,3
133,test133.wav,test133.wav,44100,1.67185941,3
134,test134.wav,test134.wav,44100,1.486099773,3
135,test135.wav,test135.wav,44100,1.811179138,1
136,test136.wav,test136.wav,44100,1.253900227,1
137,test137.wav,test137.wav,44100,1.439659864,3
138,test138.wav,test138.wav,44100,1.67185941,1
139,test139.wav,test139.wav,44100,1.996938776,1
140,test140.wav,test140.wav,44100,1.996938776,1
141,test141.wav,test141.wav,44100,1.764739229,1
142,test142.wav,test142.wav,44100,1.439659864,1
143,test143.wav,test143.wav,44100,1.439659864,1
144,test144.wav,test144.wav,44100,1.857619048,1
145,test145.wav,test145.wav,44100,1.532539683,1
146,test146.wav,test146.wav,44100,1.904058957,2
147,test147.wav,test147.wav,44100,1.996938776,1
148,test148.wav,test148.wav,44100,1.904058957,1
149,test149.wav,test149.wav,44100,1.532539683,1
150,test150.wav,test150.wav,44100,1.486099773,1
151,test151.wav,test151.wav,44100,1.904058957,1
152,test152.wav,test152.wav,44100,1.857619048,1
153,test153.wav,test153.wav,44100,1.811179138,1
154,test154.wav,test154.wav,44100,1.625419501,1
155,test155.wav,test155.wav,44100,1.950498866,2
156,test156.wav,test156.wav,44100,1.857619048,2
157,test157.wav,test157.wav,44100,1.904058957,3
158,test158.wav,test158.wav,44100,1.950498866,3
159,test159.wav,test159.wav,44100,1.764739229,3
160,test160.wav,test160.wav,44100,1.346780045,2
161,test161.wav,test161.wav,44100,2.925736961,2
162,test162.wav,test162.wav,44100,1.625419501,2
163,test163.wav,test163.wav,44100,1.996938776,2
164,test164.wav,test164.wav,44100,1.811179138,2
165,test165.wav,test165.wav,44100,1.904058957,2
166,test166.wav,test166.wav,44100,1.764739229,2
167,test167.wav,test167.wav,44100,1.71829932,2
168,test168.wav,test168.wav,44100,1.950498866,2
169,test169.wav,test169.wav,44100,1.857619048,2
170,test170.wav,test170.wav,44100,1.996938776,2
171,test171.wav,test171.wav,44100,2.182698413,2
172,test172.wav,test172.wav,44100,1.811179138,2
173,test173.wav,test173.wav,44100,1.811179138,2
174,test174.wav,test174.wav,44100,1.439659864,2
175,test175.wav,test175.wav,44100,1.996938776,2
176,test176.wav,test176.wav,44100,1.950498866,2
177,test177.wav,test177.wav,44100,1.950498866,2
178,test178.wav,test178.wav,44100,2.043378685,2
179,test179.wav,test179.wav,44100,1.764739229,2
180,test180.wav,test180.wav,44100,1.904058957,2
181,test181.wav,test181.wav,44100,1.857619048,2
182,test182.wav,test182.wav,44100,1.161020408,2
183,test183.wav,test183.wav,44100,1.857619048,2
184,test184.wav,test184.wav,44100,1.486099773,2
185,test185.wav,test185.wav,44100,1.950498866,2
186,test186.wav,test186.wav,44100,1.857619048,2
187,test187.wav,test187.wav,44100,1.904058957,3
188,test188.wav,test188.wav,44100,1.950498866,3
189,test189.wav,test189.wav,44100,1.764739229,3
190,test190.wav,test190.wav,44100,1.346780045,2
191,test191.wav,test191.wav,44100,2.925736961,2
192,test192.wav,test192.wav,44100,1.625419501,2
193,test193.wav,test193.wav,44100,1.996938776,2
194,test194.wav,test194.wav,44100,1.811179138,2
195,test195.wav,test195.wav,44100,1.904058957,2
196,test196.wav,test196.wav,44100,1.764739229,2
197,test197.wav,test197.wav,44100,1.71829932,2
198,test198.wav,test198.wav,44100,1.950498866,2
199,test199.wav,test199.wav,44100,1.857619048,2
200,test200.wav,test200.wav,44100,1.996938776,2
201,test201.wav,test201.wav,44100,2.182698413,2
202,test202.wav,test202.wav,44100,1.811179138,2
203,test203.wav,test203.wav,44100,1.811179138,2
204,test204.wav,test204.wav,44100,1.439659864,2
205,test205.wav,test205.wav,44100,1.996938776,2
206,test206.wav,test206.wav,44100,1.950498866,2
207,test207.wav,test207.wav,44100,1.950498866,2
208,test208.wav,test208.wav,44100,2.043378685,2
209,test209.wav,test209.wav,44100,1.996938776,3
210,test210.wav,test210.wav,44100,1.996938776,3
211,test211.wav,test211.wav,44100,1.811179138,3
212,test212.wav,test212.wav,44100,1.857619048,1
213,test213.wav,test213.wav,44100,2.182698413,3
214,test214.wav,test214.wav,44100,1.950498866,3
215,test215.wav,test215.wav,44100,2.043378685,1
216,test216.wav,test216.wav,44100,1.996938776,3
217,test217.wav,test217.wav,44100,1.904058957,2
218,test218.wav,test218.wav,44100,1.06814059,3
219,test219.wav,test219.wav,44100,1.857619048,3
220,test220.wav,test220.wav,44100,1.996938776,3
221,test221.wav,test221.wav,44100,2.043378685,2
222,test222.wav,test222.wav,44100,1.67185941,3
223,test223.wav,test223.wav,44100,2.925736961,3
224,test224.wav,test224.wav,44100,1.67185941,3
225,test225.wav,test225.wav,44100,1.764739229,3
226,test226.wav,test226.wav,44100,1.625419501,3
227,test227.wav,test227.wav,44100,1.393219955,3
228,test228.wav,test228.wav,44100,1.857619048,3
229,test229.wav,test229.wav,44100,2.182698413,3
230,test230.wav,test230.wav,44100,1.857619048,3
231,test231.wav,test231.wav,44100,3.250816327,3
232,test232.wav,test232.wav,44100,1.393219955,3
233,test233.wav,test233.wav,44100,1.71829932,3
234,test234.wav,test234.wav,44100,1.578979592,3
235,test235.wav,test235.wav,44100,1.67185941,3
236,test236.wav,test236.wav,44100,1.578979592,3
237,test237.wav,test237.wav,44100,1.996938776,3
238,test238.wav,test238.wav,44100,1.996938776,3
239,test239.wav,test239.wav,44100,1.996938776,3
240,test240.wav,test240.wav,44100,1.996938776,3
241,test241.wav,test241.wav,44100,1.811179138,3
242,test242.wav,test242.wav,44100,1.857619048,1
243,test243.wav,test243.wav,44100,2.182698413,3
244,test244.wav,test244.wav,44100,1.950498866,3
245,test245.wav,test245.wav,44100,2.043378685,1
246,test246.wav,test246.wav,44100,1.996938776,3
247,test247.wav,test247.wav,44100,1.904058957,2
248,test248.wav,test248.wav,44100,1.06814059,3
249,test249.wav,test249.wav,44100,1.857619048,3
250,test250.wav,test250.wav,44100,1.996938776,3
251,test251.wav,test251.wav,44100,2.043378685,2
252,test252.wav,test252.wav,44100,1.67185941,3
253,test253.wav,test253.wav,44100,2.925736961,3
254,test254.wav,test254.wav,44100,1.67185941,3
255,test255.wav,test255.wav,44100,1.764739229,3
256,test256.wav,test256.wav,44100,1.625419501,3
257,test257.wav,test257.wav,44100,1.393219955,3
258,test258.wav,test258.wav,44100,1.857619048,3
259,test259.wav,test259.wav,44100,2.182698413,3
260,test260.wav,test260.wav,44100,1.857619048,3
261,test261.wav,test261.wav,44100,3.250816327,3
262,test262.wav,test262.wav,44100,1.393219955,3
263,test263.wav,test263.wav,44100,2.36845805,1
264,test264.wav,test264.wav,44100,2.36845805,2
265,test265.wav,test265.wav,44100,0.975260771,1
266,test266.wav,test266.wav,44100,2.089818594,3
267,test267.wav,test267.wav,44100,1.300340136,3
268,test268.wav,test268.wav,44100,1.950498866,1
269,test269.wav,test269.wav,44100,2.36845805,1
270,test270.wav,test270.wav,44100,2.36845805,2
271,test271.wav,test271.wav,44100,0.975260771,1
272,test272.wav,test272.wav,44100,2.089818594,3
273,test273.wav,test273.wav,44100,1.300340136,3
274,test274.wav,test274.wav,44100,1.950498866,1
275,test275.wav,test275.wav,44100,2.36845805,1
276,test276.wav,test276.wav,44100,2.36845805,2
277,test277.wav,test277.wav,44100,0.975260771,1
278,test278.wav,test278.wav,44100,2.089818594,3
279,test279.wav,test279.wav,44100,1.300340136,3
280,test280.wav,test280.wav,44100,1.950498866,1
281,test281.wav,test281.wav,44100,2.36845805,1
282,test282.wav,test282.wav,44100,2.36845805,2
283,test283.wav,test283.wav,44100,0.975260771,1
284,test284.wav,test284.wav,44100,2.089818594,3
285,test285.wav,test285.wav,44100,1.300340136,3
286,test286.wav,test286.wav,44100,1.950498866,1
287,test287.wav,test287.wav,44100,2.36845805,1
288,test288.wav,test288.wav,44100,2.36845805,2
289,test289.wav,test289.wav,44100,0.975260771,1
290,test290.wav,test290.wav,44100,2.089818594,3
291,test291.wav,test291.wav,44100,1.300340136,3
292,test292.wav,test292.wav,44100,1.950498866,1
293,test293.wav,test293.wav,44100,2.36845805,1
294,test294.wav,test294.wav,44100,2.36845805,2
295,test295.wav,test295.wav,44100,0.975260771,1
296,test296.wav,test296.wav,44100,2.089818594,3
297,test297.wav,test297.wav,44100,1.300340136,3
298,test298.wav,test298.wav,44100,1.950498866,1
299,test299.wav,test299.wav,44100,2.36845805,1
300,test300.wav,test300.wav,44100,2.36845805,2
301,test301.wav,test301.wav,44100,0.975260771,1
302,test302.wav,test302.wav,44100,2.089818594,3
303,test303.wav,test303.wav,44100,1.300340136,3
304,test304.wav,test304.wav,44100,1.950498866,1
305,test305.wav,test305.wav,44100,2.36845805,1
306,test306.wav,test306.wav,44100,2.36845805,2
307,test307.wav,test307.wav,44100,0.975260771,1
308,test308.wav,test308.wav,44100,2.089818594,3
309,test309.wav,test309.wav,44100,1.300340136,3
310,test310.wav,test310.wav,44100,1.950498866,1
311,test311.wav,test311.wav,44100,2.36845805,1
312,test312.wav,test312.wav,44100,2.36845805,2
313,test313.wav,test313.wav,44100,0.975260771,1
314,test314.wav,test314.wav,44100,2.089818594,3
315,test315.wav,test315.wav,44100,1.300340136,3
316,test316.wav,test316.wav,44100,1.950498866,1
317,test317.wav,test317.wav,44100,2.36845805,1
318,test318.wav,test318.wav,44100,2.36845805,2
319,test319.wav,test319.wav,44100,0.975260771,1
320,test320.wav,test320.wav,44100,2.089818594,3
321,test321.wav,test321.wav,44100,1.300340136,3
322,test322.wav,test322.wav,44100,1.950498866,1
323,test323.wav,test323.wav,44100,2.36845805,1
324,test324.wav,test324.wav,44100,2.36845805,2
325,test325.wav,test325.wav,44100,0.975260771,1
326,test326.wav,test326.wav,44100,2.089818594,3
327,test327.wav,test327.wav,44100,1.300340136,3
328,test328.wav,test328.wav,44100,1.950498866,1
329,test329.wav,test329.wav,44100,2.36845805,1
330,test330.wav,test330.wav,44100,2.36845805,2
331,test331.wav,test331.wav,44100,0.975260771,1
332,test332.wav,test332.wav,44100,2.089818594,3
333,test333.wav,test333.wav,44100,1.300340136,3
334,test334.wav,test334.wav,44100,1.950498866,1
335,test335.wav,test335.wav,44100,2.36845805,1
336,test336.wav,test336.wav,44100,2.36845805,2
337,test337.wav,test337.wav,44100,0.975260771,1
338,test338.wav,test338.wav,44100,2.089818594,3
339,test339.wav,test339.wav,44100,1.300340136,3
340,test340.wav,test340.wav,44100,1.950498866,1
341,test341.wav,test341.wav,44100,2.36845805,1
342,test342.wav,test342.wav,44100,2.36845805,2
343,test343.wav,test343.wav,44100,0.975260771,1
344,test344.wav,test344.wav,44100,2.089818594,3
345,test345.wav,test345.wav,44100,1.300340136,3
346,test346.wav,test346.wav,44100,1.950498866,1
347,test347.wav,test347.wav,44100,2.36845805,1
348,test348.wav,test348.wav,44100,2.36845805,2
349,test349.wav,test349.wav,44100,0.975260771,1
350,test350.wav,test350.wav,44100,2.089818594,3
351,test351.wav,test351.wav,44100,1.300340136,3
352,test352.wav,test352.wav,44100,1.950498866,1
353,test353.wav,test353.wav,44100,2.36845805,1
354,test354.wav,test354.wav,44100,2.36845805,2
355,test355.wav,test355.wav,44100,0.975260771,1
356,test356.wav,test356.wav,44100,2.089818594,3
357,test357.wav,test357.wav,44100,1.300340136,3
358,test358.wav,test358.wav,44100,1.950498866,1
359,test359.wav,test359.wav,44100,2.36845805,1
360,test360.wav,test360.wav,44100,2.36845805,2
361,test361.wav,test361.wav,44100,0.975260771,1
362,test362.wav,test362.wav,44100,2.089818594,3
363,test363.wav,test363.wav,44100,1.904058957,1
364,test364.wav,test364.wav,44100,1.393219955,1
365,test365.wav,test365.wav,44100,1.904058957,1
366,test366.wav,test366.wav,44100,1.393219955,1
367,test367.wav,test367.wav,44100,1.857619048,1
368,test368.wav,test368.wav,44100,1.764739229,1
369,test369.wav,test369.wav,44100,2.554217687,1
370,test370.wav,test370.wav,44100,1.67185941,1
371,test371.wav,test371.wav,44100,1.71829932,1
372,test372.wav,test372.wav,44100,1.253900227,1
373,test373.wav,test373.wav,44100,1.625419501,1
374,test374.wav,test374.wav,44100,2.043378685,1
375,test375.wav,test375.wav,44100,1.67185941,2
376,test376.wav,test376.wav,44100,1.811179138,1
377,test377.wav,test377.wav,44100,1.578979592,1
378,test378.wav,test378.wav,44100,1.764739229,1
379,test379.wav,test379.wav,44100,1.811179138,1
380,test380.wav,test380.wav,44100,0.835941043,1
381,test381.wav,test381.wav,44100,1.811179138,1
382,test382.wav,test382.wav,44100,1.578979592,1
383,test383.wav,test383.wav,44100,1.764739229,1
384,test384.wav,test384.wav,44100,1.764739229,1
385,test385.wav,test385.wav,44100,1.996938776,1
386,test386.wav,test386.wav,44100,1.346780045,1
387,test387.wav,test387.wav,44100,1.393219955,1
388,test388.wav,test388.wav,44100,1.439659864,1
389,test389.wav,test389.wav,44100,1.578979592,1
390,test390.wav,test390.wav,44100,1.857619048,1
391,test391.wav,test391.wav,44100,1.764739229,1
392,test392.wav,test392.wav,44100,1.857619048,1
393,test393.wav,test393.wav,44100,1.904058957,1
394,test394.wav,test394.wav,44100,1.950498866,3
395,test395.wav,test395.wav,44100,1.67185941,3
396,test396.wav,test396.wav,44100,1.486099773,3
397,test397.wav,test397.wav,44100,1.811179138,1
398,test398.wav,test398.wav,44100,1.253900227,1
399,test399.wav,test399.wav,44100,1.439659864,3
400,test400.wav,test400.wav,44100,1.67185941,1
401,test401.wav,test401.wav,44100,1.996938776,1
402,test402.wav,test402.wav,44100,1.996938776,1
403,test403.wav,test403.wav,44100,1.764739229,1
404,test404.wav,test404.wav,44100,1.439659864,1
405,test405.wav,test405.wav,44100,1.439659864,1
406,test406.wav,test406.wav,44100,1.857619048,1
407,test407.wav,test407.wav,44100,1.532539683,1
408,test408.wav,test408.wav,44100,1.904058957,2
409,test409.wav,test409.wav,44100,1.996938776,1
410,test410.wav,test410.wav,44100,1.904058957,1
411,test411.wav,test411.wav,44100,1.532539683,1
412,test412.wav,test412.wav,44100,1.486099773,1
413,test413.wav,test413.wav,44100,1.904058957,1
414,test414.wav,test414.wav,44100,1.857619048,1
415,test415.wav,test415.wav,44100,1.811179138,1
416,test416.wav,test416.wav,44100,1.625419501,1
417,test417.wav,test417.wav,44100,1.950498866,2
418,test418.wav,test418.wav,44100,1.857619048,2
419,test419.wav,test419.wav,44100,1.904058957,3
420,test420.wav,test420.wav,44100,1.950498866,3
421,test421.wav,test421.wav,44100,1.764739229,3
422,test422.wav,test422.wav,44100,1.346780045,2
423,test423.wav,test423.wav,44100,2.925736961,2
424,test424.wav,test424.wav,44100,1.625419501,2
425,test425.wav,test425.wav,44100,1.996938776,2
426,test426.wav,test426.wav,44100,1.811179138,2
427,test427.wav,test427.wav,44100,1.904058957,2
428,test428.wav,test428.wav,44100,1.764739229,2
429,test429.wav,test429.wav,44100,1.71829932,2
430,test430.wav,test430.wav,44100,1.950498866,2
431,test431.wav,test431.wav,44100,1.857619048,2
432,test432.wav,test432.wav,44100,1.996938776,2
433,test433.wav,test433.wav,44100,2.182698413,2
434,test434.wav,test434.wav,44100,1.811179138,2
435,test435.wav,test435.wav,44100,1.811179138,2
436,test436.wav,test436.wav,44100,1.439659864,2
437,test437.wav,test437.wav,44100,1.996938776,2
438,test438.wav,test438.wav,44100,1.950498866,2
439,test439.wav,test439.wav,44100,1.950498866,2
440,test440.wav,test440.wav,44100,2.043378685,2
441,test441.wav,test441.wav,44100,1.764739229,2
442,test442.wav,test442.wav,44100,1.904058957,2
443,test443.wav,test443.wav,44100,1.857619048,2
444,test444.wav,test444.wav,44100,1.161020408,2
445,test445.wav,test445.wav,44100,1.857619048,2
446,test446.wav,test446.wav,44100,1.486099773,2
447,test447.wav,test447.wav,44100,1.950498866,2
448,test448.wav,test448.wav,44100,1.857619048,2
449,test449.wav,test449.wav,44100,1.904058957,3
450,test450.wav,test450.wav,44100,1.950498866,3
451,test451.wav,test451.wav,44100,1.764739229,3
452,test452.wav,test452.wav,44100,1.346780045,2
453,test453.wav,test453.wav,44100,2.925736961,2
454,test454.wav,test454.wav,44100,1.625419501,2
455,test455.wav,test455.wav,44100,1.996938776,2
456,test456.wav,test456.wav,44100,1.811179138,2
457,test457.wav,test457.wav,44100,1.904058957,2
458,test458.wav,test458.wav,44100,1.764739229,2
459,test459.wav,test459.wav,44100,1.71829932,2
460,test460.wav,test460.wav,44100,1.950498866,2
461,test461.wav,test461.wav,44100,1.857619048,2
462,test462.wav,test462.wav,44100,1.996938776,2
463,test463.wav,test463.wav,44100,2.182698413,2
464,test464.wav,test464.wav,44100,1.811179138,2
465,test465.wav,test465.wav,44100,1.811179138,2
466,test466.wav,test466.wav,44100,1.439659864,2
467,test467.wav,test467.wav,44100,1.996938776,2
468,test468.wav,test468.wav,44100,1.950498866,2
469,test469.wav,test469.wav,44100,1.950498866,2
470,test470.wav,test470.wav,44100,2.043378685,2
471,test471.wav,test471.wav,44100,1.996938776,3
472,test472.wav,test472.wav,44100,1.996938776,3
473,test473.wav,test473.wav,44100,1.811179138,3
474,test474.wav,test474.wav,44100,1.857619048,1
475,test475.wav,test475.wav,44100,2.182698413,3
476,test476.wav,test476.wav,44100,1.950498866,3
477,test477.wav,test477.wav,44100,2.043378685,1
478,test478.wav,test478.wav,44100,1.996938776,3
479,test479.wav,test479.wav,44100,1.904058957,2
480,test480.wav,test480.wav,44100,1.06814059,3
481,test481.wav,test481.wav,44100,1.857619048,3
482,test482.wav,test482.wav,44100,1.996938776,3
483,test483.wav,test483.wav,44100,2.043378685,2
484,test484.wav,test484.wav,44100,1.67185941,3
485,test485.wav,test485.wav,44100,2.925736961,3
486,test486.wav,test486.wav,44100,1.67185941,3
487,test487.wav,test487.wav,44100,1.764739229,3
488,test488.wav,test488.wav,44100,1.625419501,3
489,test489.wav,test489.wav,44100,1.393219955,3
490,test490.wav,test490.wav,44100,1.857619048,3
491,test491.wav,test491.wav,44100,2.182698413,3
492,test492.wav,test492.wav,44100,1.857619048,3
493,test493.wav,test493.wav,44100,3.250816327,3
494,test494.wav,test494.wav,44100,1.393219955,3
495,test495.wav,test495.wav,44100,1.71829932,3
496,test496.wav,test496.wav,44100,1.578979592,3
497,test497.wav,test497.wav,44100,1.67185941,3
498,test498.wav,test498.wav,44100,1.578979592,3
499,test499.wav,test499.wav,44100,1.996938776,3
500,test500.wav,test500.wav,44100,1.996938776,3
501,test501.wav,test501.wav,44100,1.996938776,3
502,test502.wav,test502.wav,44100,1.996938776,3
503,test503.wav,test503.wav,44100,1.811179138,3
504,test504.wav,test504.wav,44100,1.857619048,1
505,test505.wav,test505.wav,44100,2.182698413,3
506,test506.wav,test506.wav,44100,1.950498866,3
507,test507.wav,test507.wav,44100,2.043378685,1
508,test508.wav,test508.wav,44100,1.996938776,3
509,test509.wav,test509.wav,44100,1.904058957,2
510,test510.wav,test510.wav,44100,1.06814059,3
511,test511.wav,test511.wav,44100,1.857619048,3
512,test512.wav,test512.wav,44100,1.996938776,3
513,test513.wav,test513.wav,44100,2.043378685,2
514,test514.wav,test514.wav,44100,1.67185941,3
515,test515.wav,test515.wav,44100,2.925736961,3
516,test516.wav,test516.wav,44100,1.67185941,3
517,test517.wav,test517.wav,44100,1.764739229,3
518,test518.wav,test518.wav,44100,1.625419501,3
519,test519.wav,test519.wav,44100,1.393219955,3
520,test520.wav,test520.wav,44100,1.857619048,3
521,test521.wav,test521.wav,44100,2.182698413,3
522,test522.wav,test522.wav,44100,1.857619048,3
523,test523.wav,test523.wav,44100,3.250816327,3
524,test524.wav,test524.wav,44100,1.393219955,3
525,test525.wav,test525.wav,44100,2.36845805,1
526,test526.wav,test526.wav,44100,2.36845805,2
527,test527.wav,test527.wav,44100,0.975260771,1
528,test528.wav,test528.wav,44100,2.089818594,3
529,test529.wav,test529.wav,44100,1.300340136,3
530,test530.wav,test530.wav,44100,1.950498866,1
531,test531.wav,test531.wav,44100,2.36845805,1
532,test532.wav,test532.wav,44100,2.36845805,2
533,test533.wav,test533.wav,44100,0.975260771,1
534,test534.wav,test534.wav,44100,2.089818594,3
535,test535.wav,test535.wav,44100,1.300340136,3
536,test536.wav,test536.wav,44100,1.950498866,1
537,test537.wav,test537.wav,44100,2.36845805,1
538,test538.wav,test538.wav,44100,2.36845805,2
539,test539.wav,test539.wav,44100,0.975260771,1
540,test540.wav,test540.wav,44100,2.089818594,3
541,test541.wav,test541.wav,44100,1.300340136,3
542,test542.wav,test542.wav,44100,1.950498866,1
543,test543.wav,test543.wav,44100,2.36845805,1
544,test544.wav,test544.wav,44100,2.36845805,2
545,test545.wav,test545.wav,44100,0.975260771,1
546,test546.wav,test546.wav,44100,2.089818594,3
547,test547.wav,test547.wav,44100,1.300340136,3
548,test548.wav,test548.wav,44100,1.950498866,1
549,test549.wav,test549.wav,44100,2.36845805,1
550,test550.wav,test550.wav,44100,2.36845805,2
551,test551.wav,test551.wav,44100,0.975260771,1
552,test552.wav,test552.wav,44100,2.089818594,3
553,test553.wav,test553.wav,44100,1.300340136,3
554,test554.wav,test554.wav,44100,1.950498866,1
555,test555.wav,test555.wav,44100,2.36845805,1
556,test556.wav,test556.wav,44100,2.36845805,2
557,test557.wav,test557.wav,44100,0.975260771,1
558,test558.wav,test558.wav,44100,2.089818594,3
559,test559.wav,test559.wav,44100,1.300340136,3
560,test560.wav,test560.wav,44100,1.950498866,1
561,test561.wav,test561.wav,44100,2.36845805,1
562,test562.wav,test562.wav,44100,2.36845805,2
563,test563.wav,test563.wav,44100,0.975260771,1
564,test564.wav,test564.wav,44100,2.089818594,3
565,test565.wav,test565.wav,44100,1.300340136,3
566,test566.wav,test566.wav,44100,1.950498866,1
567,test567.wav,test567.wav,44100,2.36845805,1
568,test568.wav,test568.wav,44100,2.36845805,2
569,test569.wav,test569.wav,44100,0.975260771,1
570,test570.wav,test570.wav,44100,2.089818594,3
571,test571.wav,test571.wav,44100,1.300340136,3
572,test572.wav,test572.wav,44100,1.950498866,1
573,test573.wav,test573.wav,44100,2.36845805,1
574,test574.wav,test574.wav,44100,2.36845805,2
575,test575.wav,test575.wav,44100,0.975260771,1
576,test576.wav,test576.wav,44100,2.089818594,3
577,test577.wav,test577.wav,44100,1.300340136,3
578,test578.wav,test578.wav,44100,1.950498866,1
579,test579.wav,test579.wav,44100,2.36845805,1
580,test580.wav,test580.wav,44100,2.36845805,2
581,test581.wav,test581.wav,44100,0.975260771,1
582,test582.wav,test582.wav,44100,2.089818594,3
583,test583.wav,test583.wav,44100,1.300340136,3
584,test584.wav,test584.wav,44100,1.950498866,1
585,test585.wav,test585.wav,44100,2.36845805,1
586,test586.wav,test586.wav,44100,2.36845805,2
587,test587.wav,test587.wav,44100,0.975260771,1
588,test588.wav,test588.wav,44100,2.089818594,3
589,test589.wav,test589.wav,44100,1.300340136,3
590,test590.wav,test590.wav,44100,1.950498866,1
591,test591.wav,test591.wav,44100,2.36845805,1
592,test592.wav,test592.wav,44100,2.36845805,2
593,test593.wav,test593.wav,44100,0.975260771,1
594,test594.wav,test594.wav,44100,2.089818594,3
595,test595.wav,test595.wav,44100,1.300340136,3
596,test596.wav,test596.wav,44100,1.950498866,1
597,test597.wav,test597.wav,44100,2.36845805,1
598,test598.wav,test598.wav,44100,2.36845805,2
599,test599.wav,test599.wav,44100,0.975260771,1
600,test600.wav,test600.wav,44100,2.089818594,3
601,test601.wav,test601.wav,44100,1.300340136,3
602,test602.wav,test602.wav,44100,1.950498866,1
603,test603.wav,test603.wav,44100,2.36845805,1
604,test604.wav,test604.wav,44100,2.36845805,2
605,test605.wav,test605.wav,44100,0.975260771,1
606,test606.wav,test606.wav,44100,2.089818594,3
607,test607.wav,test607.wav,44100,1.300340136,3
608,test608.wav,test608.wav,44100,1.950498866,1
609,test609.wav,test609.wav,44100,2.36845805,1
610,test610.wav,test610.wav,44100,2.36845805,2
611,test611.wav,test611.wav,44100,0.975260771,1
612,test612.wav,test612.wav,44100,2.089818594,3
613,test613.wav,test613.wav,44100,1.300340136,3
614,test614.wav,test614.wav,44100,1.950498866,1
615,test615.wav,test615.wav,44100,2.36845805,1
616,test616.wav,test616.wav,44100,2.36845805,2
617,test617.wav,test617.wav,44100,0.975260771,1
618,test618.wav,test618.wav,44100,2.089818594,3
619,test619.wav,test619.wav,44100,1.300340136,3
620,test620.wav,test620.wav,44100,1.950498866,1
621,test621.wav,test621.wav,44100,2.36845805,1
622,test622.wav,test622.wav,44100,2.36845805,2
623,test623.wav,test623.wav,44100,0.975260771,1
624,test624.wav,test624.wav,44100,2.089818594,3
625,test625.wav,test625.wav,44100,1.904058957,1
626,test626.wav,test626.wav,44100,1.393219955,1
627,test627.wav,test627.wav,44100,1.904058957,1
628,test628.wav,test628.wav,44100,1.393219955,1
629,test629.wav,test629.wav,44100,1.857619048,1
630,test630.wav,test630.wav,44100,1.764739229,1
631,test631.wav,test631.wav,44100,2.554217687,1
632,test632.wav,test632.wav,44100,1.67185941,1
633,test633.wav,test633.wav,44100,1.71829932,1
634,test634.wav,test634.wav,44100,1.253900227,1
635,test635.wav,test635.wav,44100,1.625419501,1
636,test636.wav,test636.wav,44100,2.043378685,1
637,test637.wav,test637.wav,44100,1.67185941,2
638,test638.wav,test638.wav,44100,1.811179138,1
639,test639.wav,test639.wav,44100,1.578979592,1
640,test640.wav,test640.wav,44100,1.764739229,1
641,test641.wav,test641.wav,44100,1.811179138,1
642,test642.wav,test642.wav,44100,0.835941043,1
643,test643.wav,test643.wav,44100,1.811179138,1
644,test644.wav,test644.wav,44100,1.578979592,1
645,test645.wav,test645.wav,44100,1.764739229,1
646,test646.wav,test646.wav,44100,1.764739229,1
647,test647.wav,test647.wav,44100,1.996938776,1
648,test648.wav,test648.wav,44100,1.346780045,1
649,test649.wav,test649.wav,44100,1.393219955,1
650,test650.wav,test650.wav,44100,1.439659864,1
651,test651.wav,test651.wav,44100,1.578979592,1
652,test652.wav,test652.wav,44100,1.857619048,1
653,test653.wav,test653.wav,44100,1.764739229,1
654,test654.wav,test654.wav,44100,1.857619048,1
655,test655.wav,test655.wav,44100,1.904058957,1
656,test656.wav,test656.wav,44100,1.950498866,3
657,test657.wav,test657.wav,44100,1.67185941,3
658,test658.wav,test658.wav,44100,1.486099773,3
659,test659.wav,test659.wav,44100,1.811179138,1
660,test660.wav,test660.wav,44100,1.253900227,1
661,test661.wav,test661.wav,44100,1.439659864,3
662,test662.wav,test662.wav,44100,1.67185941,1
663,test663.wav,test663.wav,44100,1.996938776,1
664,test664.wav,test664.wav,44100,1.996938776,1
665,test665.wav,test665.wav,44100,1.764739229,1
666,test666.wav,test666.wav,44100,1.439659864,1
667,test667.wav,test667.wav,44100,1.439659864,1
668,test668.wav,test668.wav,44100,1.857619048,1
669,test669.wav,test669.wav,44100,1.532539683,1
670,test670.wav,test670.wav,44100,1.904058957,2
671,test671.wav,test671.wav,44100,1.996938776,1
672,test672.wav,test672.wav,44100,1.904058957,1
673,test673.wav,test673.wav,44100,1.532539683,1
674,test674.wav,test674.wav,44100,1.486099773,1
675,test675.wav,test675.wav,44100,1.904058957,1
676,test676.wav,test676.wav,44100,1.857619048,1
677,test677.wav,test677.wav,44100,1.811179138,1
678,test678.wav,test678.wav,44100,1.625419501,1
679,test679.wav,test679.wav,44100,1.950498866,2
680,test680.wav,test680.wav,44100,1.857619048,2
681,test681.wav,test681.wav,44100,1.904058957,3
682,test682.wav,test682.wav,44100,1.950498866,3
683,test683.wav,test683.wav,44100,1.764739229,3
684,test684.wav,test684.wav,44100,1.346780045,2
685,test685.wav,test685.wav,44100,2.925736961,2
686,test686.wav,test686.wav,44100,1.625419501,2
687,test687.wav,test687.wav,44100,1.996938776,2
688,test688.wav,test688.wav,44100,1.811179138,2
689,test689.wav,test689.wav,44100,1.904058957,2
690,test690.wav,test690.wav,44100,1.764739229,2
691,test691.wav,test691.wav,44100,1.71829932,2
692,test692.wav,test692.wav,44100,1.950498866,2
693,test693.wav,test693.wav,44100,1.857619048,2
694,test694.wav,test694.wav,44100,1.996938776,2
695,test695.wav,test695.wav,44100,2.182698413,2
696,test696.wav,test696.wav,44100,1.811179138,2
697,test697.wav,test697.wav,44100,1.811179138,2
698,test698.wav,test698.wav,44100,1.439659864,2
699,test699.wav,test699.wav,44100,1.996938776,2
700,test700.wav,test700.wav,44100,1.950498866,2
701,test701.wav,test701.wav,44100,1.950498866,2
702,test702.wav,test702.wav,44100,2.043378685,2
703,test703.wav,test703.wav,44100,1.764739229,2
704,test704.wav,test704.wav,44100,1.904058957,2
705,test705.wav,test705.wav,44100,1.857619048,2
706,test706.wav,test706.wav,44100,1.161020408,2
707,test707.wav,test707.wav,44100,1.857619048,2
708,test708.wav,test708.wav,44100,1.486099773,2
709,test709.wav,test709.wav,44100,1.950498866,2
710,test710.wav,test710.wav,44100,1.857619048,2
711,test711.wav,test711.wav,44100,1.904058957,3
712,test712.wav,test712.wav,44100,1.950498866,3
713,test713.wav,test713.wav,44100,1.764739229,3
714,test714.wav,test714.wav,44100,1.346780045,2
715,test715.wav,test715.wav,44100,2.925736961,2
716,test716.wav,test716.wav,44100,1.625419501,2
717,test717.wav,test717.wav,44100,1.996938776,2
718,test718.wav,test718.wav,44100,1.811179138,2
719,test719.wav,test719.wav,44100,1.904058957,2
720,test720.wav,test720.wav,44100,1.764739229,2
721,test721.wav,test721.wav,44100,1.71829932,2
722,test722.wav,test722.wav,44100,1.950498866,2
723,test723.wav,test723.wav,44100,1.857619048,2
724,test724.wav,test724.wav,44100,1.996938776,2
725,test725.wav,test725.wav,44100,2.182698413,2
726,test726.wav,test726.wav,44100,1.811179138,2
727,test727.wav,test727.wav,44100,1.811179138,2
728,test728.wav,test728.wav,44100,1.439659864,2
729,test729.wav,test729.wav,44100,1.996938776,2
730,test730.wav,test730.wav,44100,1.950498866,2
731,test731.wav,test731.wav,44100,1.950498866,2
732,test732.wav,test732.wav,44100,2.043378685,2
733,test733.wav,test733.wav,44100,1.996938776,3
734,test734.wav,test734.wav,44100,1.996938776,3
735,test735.wav,test735.wav,44100,1.811179138,3
736,test736.wav,test736.wav,44100,1.857619048,1
737,test737.wav,test737.wav,44100,2.182698413,3
738,test738.wav,test738.wav,44100,1.950498866,3
739,test739.wav,test739.wav,44100,2.043378685,1
740,test740.wav,test740.wav,44100,1.996938776,3
741,test741.wav,test741.wav,44100,1.904058957,2
742,test742.wav,test742.wav,44100,1.06814059,3
743,test743.wav,test743.wav,44100,1.857619048,3
744,test744.wav,test744.wav,44100,1.996938776,3
745,test745.wav,test745.wav,44100,2.043378685,2
746,test746.wav,test746.wav,44100,1.67185941,3
747,test747.wav,test747.wav,44100,2.925736961,3
748,test748.wav,test748.wav,44100,1.67185941,3
749,test749.wav,test749.wav,44100,1.764739229,3
750,test750.wav,test750.wav,44100,1.625419501,3
751,test751.wav,test751.wav,44100,1.393219955,3
752,test752.wav,test752.wav,44100,1.857619048,3
753,test753.wav,test753.wav,44100,2.182698413,3
754,test754.wav,test754.wav,44100,1.857619048,3
755,test755.wav,test755.wav,44100,3.250816327,3
756,test756.wav,test756.wav,44100,1.393219955,3
757,test757.wav,test757.wav,44100,1.71829932,3
758,test758.wav,test758.wav,44100,1.578979592,3
759,test759.wav,test759.wav,44100,1.67185941,3
760,test760.wav,test760.wav,44100,1.578979592,3
761,test761.wav,test761.wav,44100,1.996938776,3
762,test762.wav,test762.wav,44100,1.996938776,3
763,test763.wav,test763.wav,44100,1.996938776,3
764,test764.wav,test764.wav,44100,1.996938776,3
765,test765.wav,test765.wav,44100,1.811179138,3
766,test766.wav,test766.wav,44100,1.857619048,1
767,test767.wav,test767.wav,44100,2.182698413,3
768,test768.wav,test768.wav,44100,1.950498866,3
769,test769.wav,test769.wav,44100,2.043378685,1
770,test770.wav,test770.wav,44100,1.996938776,3
771,test771.wav,test771.wav,44100,1.904058957,2
772,test772.wav,test772.wav,44100,1.06814059,3
773,test773.wav,test773.wav,44100,1.857619048,3
774,test774.wav,test774.wav,44100,1.996938776,3
775,test775.wav,test775.wav,44100,2.043378685,2
776,test776.wav,test776.wav,44100,1.67185941,3
777,test777.wav,test777.wav,44100,2.925736961,3
778,test778.wav,test778.wav,44100,1.67185941,3
779,test779.wav,test779.wav,44100,1.764739229,3
780,test780.wav,test780.wav,44100,1.625419501,3
781,test781.wav,test781.wav,44100,1.393219955,3
782,test782.wav,test782.wav,44100,1.857619048,3
783,test783.wav,test783.wav,44100,2.182698413,3
784,test784.wav,test784.wav,44100,1.857619048,3
785,test785.wav,test785.wav,44100,3.250816327,3
786,test786.wav,test786.wav,44100,1.393219955,3
787,test787.wav,test787.wav,44100,2.36845805,1
788,test788.wav,test788.wav,44100,2.36845805,2
789,test789.wav,test789.wav,44100,0.975260771,1
790,test790.wav,test790.wav,44100,2.089818594,3
791,test791.wav,test791.wav,44100,1.300340136,3
792,test792.wav,test792.wav,44100,1.950498866,1
793,test793.wav,test793.wav,44100,2.36845805,1
794,test794.wav,test794.wav,44100,2.36845805,2
795,test795.wav,test795.wav,44100,0.975260771,1
796,test796.wav,test796.wav,44100,2.089818594,3
797,test797.wav,test797.wav,44100,1.300340136,3
798,test798.wav,test798.wav,44100,1.950498866,1
799,test799.wav,test799.wav,44100,2.36845805,1
800,test800.wav,test800.wav,44100,2.36845805,2
801,test801.wav,test801.wav,44100,0.975260771,1
802,test802.wav,test802.wav,44100,2.089818594,3
803,test803.wav,test803.wav,44100,1.300340136,3
804,test804.wav,test804.wav,44100,1.950498866,1
805,test805.wav,test805.wav,44100,2.36845805,1
806,test806.wav,test806.wav,44100,2.36845805,2
807,test807.wav,test807.wav,44100,0.975260771,1
808,test808.wav,test808.wav,44100,2.089818594,3
809,test809.wav,test809.wav,44100,1.300340136,3
810,test810.wav,test810.wav,44100,1.950498866,1
811,test811.wav,test811.wav,44100,2.36845805,1
812,test812.wav,test812.wav,44100,2.36845805,2
813,test813.wav,test813.wav,44100,0.975260771,1
814,test814.wav,test814.wav,44100,2.089818594,3
815,test815.wav,test815.wav,44100,1.300340136,3
816,test816.wav,test816.wav,44100,1.950498866,1
817,test817.wav,test817.wav,44100,2.36845805,1
818,test818.wav,test818.wav,44100,2.36845805,2
819,test819.wav,test819.wav,44100,0.975260771,1
820,test820.wav,test820.wav,44100,2.089818594,3
821,test821.wav,test821.wav,44100,1.300340136,3
822,test822.wav,test822.wav,44100,1.950498866,1
823,test823.wav,test823.wav,44100,2.36845805,1
824,test824.wav,test824.wav,44100,2.36845805,2
825,test825.wav,test825.wav,44100,0.975260771,1
826,test826.wav,test826.wav,44100,2.089818594,3
827,test827.wav,test827.wav,44100,1.300340136,3
828,test828.wav,test828.wav,44100,1.950498866,1
829,test829.wav,test829.wav,44100,2.36845805,1
830,test830.wav,test830.wav,44100,2.36845805,2
831,test831.wav,test831.wav,44100,0.975260771,1
832,test832.wav,test832.wav,44100,2.089818594,3
833,test833.wav,test833.wav,44100,1.300340136,3
834,test834.wav,test834.wav,44100,1.950498866,1
835,test835.wav,test835.wav,44100,2.36845805,1
836,test836.wav,test836.wav,44100,2.36845805,2
837,test837.wav,test837.wav,44100,0.975260771,1
838,test838.wav,test838.wav,44100,2.089818594,3
839,test839.wav,test839.wav,44100,1.300340136,3
840,test840.wav,test840.wav,44100,1.950498866,1
841,test841.wav,test841.wav,44100,2.36845805,1
842,test842.wav,test842.wav,44100,2.36845805,2
843,test843.wav,test843.wav,44100,0.975260771,1
844,test844.wav,test844.wav,44100,2.089818594,3
845,test845.wav,test845.wav,44100,1.300340136,3
846,test846.wav,test846.wav,44100,1.950498866,1
847,test847.wav,test847.wav,44100,2.36845805,1
848,test848.wav,test848.wav,44100,2.36845805,2
849,test849.wav,test849.wav,44100,0.975260771,1
850,test850.wav,test850.wav,44100,2.089818594,3
851,test851.wav,test851.wav,44100,1.300340136,3
852,test852.wav,test852.wav,44100,1.950498866,1
853,test853.wav,test853.wav,44100,2.36845805,1
854,test854.wav,test854.wav,44100,2.36845805,2
855,test855.wav,test855.wav,44100,0.975260771,1
856,test856.wav,test856.wav,44100,2.089818594,3
857,test857.wav,test857.wav,44100,1.300340136,3
858,test858.wav,test858.wav,44100,1.950498866,1
859,test859.wav,test859.wav,44100,2.36845805,1
860,test860.wav,test860.wav,44100,2.36845805,2
861,test861.wav,test861.wav,44100,0.975260771,1
862,test862.wav,test862.wav,44100,2.089818594,3
863,test863.wav,test863.wav,44100,1.300340136,3
864,test864.wav,test864.wav,44100,1.950498866,1
865,test865.wav,test865.wav,44100,2.36845805,1
866,test866.wav,test866.wav,44100,2.36845805,2
867,test867.wav,test867.wav,44100,0.975260771,1
868,test868.wav,test868.wav,44100,2.089818594,3
869,test869.wav,test869.wav,44100,1.300340136,3
870,test870.wav,test870.wav,44100,1.950498866,1
871,test871.wav,test871.wav,44100,2.36845805,1
872,test872.wav,test872.wav,44100,2.36845805,2
873,test873.wav,test873.wav,44100,0.975260771,1
874,test874.wav,test874.wav,44100,2.089818594,3
875,test875.wav,test875.wav,44100,1.300340136,3
876,test876.wav,test876.wav,44100,1.950498866,1
877,test877.wav,test877.wav,44100,2.36845805,1
878,test878.wav,test878.wav,44100,2.36845805,2
879,test879.wav,test879.wav,44100,0.975260771,1
880,test880.wav,test880.wav,44100,2.089818594,3
881,test881.wav,test881.wav,44100,1.300340136,3
882,test882.wav,test882.wav,44100,1.950498866,1
883,test883.wav,test883.wav,44100,2.36845805,1
884,test884.wav,test884.wav,44100,2.36845805,2
885,test885.wav,test885.wav,44100,0.975260771,1
886,test886.wav,test886.wav,44100,2.089818594,3
887,test887.wav,test887.wav,44100,1.904058957,1
888,test888.wav,test888.wav,44100,1.393219955,1
889,test889.wav,test889.wav,44100,1.904058957,1
890,test890.wav,test890.wav,44100,1.393219955,1
891,test891.wav,test891.wav,44100,1.857619048,1
892,test892.wav,test892.wav,44100,1.764739229,1
893,test893.wav,test893.wav,44100,2.554217687,1
894,test894.wav,test894.wav,44100,1.67185941,1
895,test895.wav,test895.wav,44100,1.71829932,1
896,test896.wav,test896.wav,44100,1.253900227,1
897,test897.wav,test897.wav,44100,1.625419501,1
898,test898.wav,test898.wav,44100,2.043378685,1
899,test899.wav,test899.wav,44100,1.67185941,2
900,test900.wav,test900.wav,44100,1.811179138,1
901,test901.wav,test901.wav,44100,1.578979592,1
902,test902.wav,test902.wav,44100,1.764739229,1
903,test903.wav,test903.wav,44100,1.811179138,1
904,test904.wav,test904.wav,44100,0.835941043,1
905,test905.wav,test905.wav,44100,1.811179138,1
906,test906.wav,test906.wav,44100,1.578979592,1
907,test907.wav,test907.wav,44100,1.764739229,1
908,test908.wav,test908.wav,44100,1.764739229,1
909,test909.wav,test909.wav,44100,1.996938776,1
910,test910.wav,test910.wav,44100,1.346780045,1
911,test911.wav,test911.wav,44100,1.393219955,1
912,test912.wav,test912.wav,44100,1.439659864,1
913,test913.wav,test913.wav,44100,1.578979592,1
914,test914.wav,test914.wav,44100,1.857619048,1
915,test915.wav,test915.wav,44100,1.764739229,1
916,test916.wav,test916.wav,44100,1.857619048,1
917,test917.wav,test917.wav,44100,1.904058957,1
918,test918.wav,test918.wav,44100,1.950498866,3
919,test919.wav,test919.wav,44100,1.67185941,3
920,test920.wav,test920.wav,44100,1.486099773,3
921,test921.wav,test921.wav,44100,1.811179138,1
922,test922.wav,test922.wav,44100,1.253900227,1
923,test923.wav,test923.wav,44100,1.439659864,3
924,test924.wav,test924.wav,44100,1.67185941,1
925,test925.wav,test925.wav,44100,1.996938776,1
926,test926.wav,test926.wav,44100,1.996938776,1
927,test927.wav,test927.wav,44100,1.764739229,1
928,test928.wav,test928.wav,44100,1.439659864,1
929,test929.wav,test929.wav,44100,1.439659864,1
930,test930.wav,test930.wav,44100,1.857619048,1
931,test931.wav,test931.wav,44100,1.532539683,1
932,test932.wav,test932.wav,44100,1.904058957,2
933,test933.wav,test933.wav,44100,1.996938776,1
934,test934.wav,test934.wav,44100,1.904058957,1
935,test935.wav,test935.wav,44100,1.532539683,1
936,test936.wav,test936.wav,44100,1.486099773,1
937,test937.wav,test937.wav,44100,1.904058957,1
938,test938.wav,test938.wav,44100,1.857619048,1
939,test939.wav,test939.wav,44100,1.811179138,1
940,test940.wav,test940.wav,44100,1.625419501,1
941,test941.wav,test941.wav,44100,1.950498866,2
942,test942.wav,test942.wav,44100,1.857619048,2
943,test943.wav,test943.wav,44100,1.904058957,3
944,test944.wav,test944.wav,44100,1.950498866,3
945,test945.wav,test945.wav,44100,1.764739229,3
946,test946.wav,test946.wav,44100,1.346780045,2
947,test947.wav,test947.wav,44100,2.925736961,2
948,test948.wav,test948.wav,44100,1.625419501,2
949,test949.wav,test949.wav,44100,1.996938776,2
950,test950.wav,test950.wav,44100,1.811179138,2
951,test951.wav,test951.wav,44100,1.904058957,2
952,test952.wav,test952.wav,44100,1.764739229,2
953,test953.wav,test953.wav,44100,1.71829932,2
954,test954.wav,test954.wav,44100,1.950498866,2
955,test955.wav,test955.wav,44100,1.857619048,2
956,test956.wav,test956.wav,44100,1.996938776,2
957,test957.wav,test957.wav,44100,2.182698413,2
958,test958.wav,test958.wav,44100,1.811179138,2
959,test959.wav,test959.wav,44100,1.811179138,2
960,test960.wav,test960.wav,44100,1.439659864,2
961,test961.wav,test961.wav,44100,1.996938776,2
962,test962.wav,test962.wav,44100,1.950498866,2
963,test963.wav,test963.wav,44100,1.950498866,2
964,test964.wav,test964.wav,44100,2.043378685,2
965,test965.wav,test965.wav,44100,1.764739229,2
966,test966.wav,test966.wav,44100,1.904058957,2
967,test967.wav,test967.wav,44100,1.857619048,2
968,test968.wav,test968.wav,44100,1.161020408,2
969,test969.wav,test969.wav,44100,1.857619048,2
970,test970.wav,test970.wav,44100,1.486099773,2
971,test971.wav,test971.wav,44100,1.950498866,2
972,test972.wav,test972.wav,44100,1.857619048,2
973,test973.wav,test973.wav,44100,1.904058957,3
974,test974.wav,test974.wav,44100,1.950498866,3
975,test975.wav,test975.wav,44100,1.764739229,3
976,test976.wav,test976.wav,44100,1.346780045,2
977,test977.wav,test977.wav,44100,2.925736961,2
978,test978.wav,test978.wav,44100,1.625419501,2
979,test979.wav,test979.wav,44100,1.996938776,2
980,test980.wav,test980.wav,44100,1.811179138,2
981,test981.wav,test981.wav,44100,1.904058957,2
982,test982.wav,test982.wav,44100,1.764739229,2
983,test983.wav,test983.wav,44100,1.71829932,2
984,test984.wav,test984.wav,44100,1.950498866,2
985,test985.wav,test985.wav,44100,1.857619048,2
986,test986.wav,test986.wav,44100,1.996938776,2
987,test987.wav,test987.wav,44100,2.182698413,2
988,test988.wav,test988.wav,44100,1.811179138,2
989,test989.wav,test989.wav,44100,1.811179138,2
990,test990.wav,test990.wav,44100,1.439659864,2
991,test991.wav,test991.wav,44100,1.996938776,2
992,test992.wav,test992.wav,44100,1.950498866,2
993,test993.wav,test993.wav,44100,1.950498866,2
994,test994.wav,test994.wav,44100,2.043378685,2
995,test995.wav,test995.wav,44100,1.996938776,3
996,test996.wav,test996.wav,44100,1.996938776,3
997,test997.wav,test997.wav,44100,1.811179138,3
998,test998.wav,test998.wav,44100,1.857619048,1
999,test999.wav,test999.wav,44100,2.182698413,3
1000,test1000.wav,test1000.wav,44100,1.950498866,3
1001,test1001.wav,test1001.wav,44100,2.043378685,1
1002,test1002.wav,test1002.wav,44100,1.996938776,3
1003,test1003.wav,test1003.wav,44100,1.904058957,2
1004,test1004.wav,test1004.wav,44100,1.06814059,3
1005,test1005.wav,test1005.wav,44100,1.857619048,3
1006,test1006.wav,test1006.wav,44100,1.996938776,3
1007,test1007.wav,test1007.wav,44100,2.043378685,2
1008,test1008.wav,test1008.wav,44100,1.67185941,3
1009,test1009.wav,test1009.wav,44100,2.925736961,3
1010,test1010.wav,test1010.wav,44100,1.67185941,3
1011,test1011.wav,test1011.wav,44100,1.764739229,3
1012,test1012.wav,test1012.wav,44100,1.625419501,3
1013,test1013.wav,test1013.wav,44100,1.393219955,3
1014,test1014.wav,test1014.wav,44100,1.857619048,3
1015,test1015.wav,test1015.wav,44100,2.182698413,3
1016,test1016.wav,test1016.wav,44100,1.857619048,3
1017,test1017.wav,test1017.wav,44100,3.250816327,3
1018,test1018.wav,test1018.wav,44100,1.393219955,3
1019,test1019.wav,test1019.wav,44100,1.71829932,3
1020,test1020.wav,test1020.wav,44100,1.578979592,3
1021,test1021.wav,test1021.wav,44100,1.67185941,3
1022,test1022.wav,test1022.wav,44100,1.578979592,3
1023,test1023.wav,test1023.wav,44100,1.996938776,3
1024,test1024.wav,test1024.wav,44100,1.996938776,3
1025,test1025.wav,test1025.wav,44100,1.996938776,3
1026,test1026.wav,test1026.wav,44100,1.996938776,3
1027,test1027.wav,test1027.wav,44100,1.811179138,3
1028,test1028.wav,test1028.wav,44100,1.857619048,1
1029,test1029.wav,test1029.wav,44100,2.182698413,3
1030,test1030.wav,test1030.wav,44100,1.950498866,3
1031,test1031.wav,test1031.wav,44100,2.043378685,1
1032,test1032.wav,test1032.wav,44100,1.996938776,3
1033,test1033.wav,test1033.wav,44100,1.904058957,2
1034,test1034.wav,test1034.wav,44100,1.06814059,3
1035,test1035.wav,test1035.wav,44100,1.857619048,3
1036,test1036.wav,test1036.wav,44100,1.996938776,3
1037,test1037.wav,test1037.wav,44100,2.043378685,2
1038,test1038.wav,test1038.wav,44100,1.67185941,3
1039,test1039.wav,test1039.wav,44100,2.925736961,3
1040,test1040.wav,test1040.wav,44100,1.67185941,3
1041,test1041.wav,test1041.wav,44100,1.764739229,3
1042,test1042.wav,test1042.wav,44100,1.625419501,3
1043,test1043.wav,test1043.wav,44100,1.393219955,3
1044,test1044.wav,test1044.wav,44100,1.857619048,3
1045,test1045.wav,test1045.wav,44100,2.182698413,3
1046,test1046.wav,test1046.wav,44100,1.857619048,3
1047,test1047.wav,test1047.wav,44100,3.250816327,3
1048,test1048.wav,test1048.wav,44100,1.393219955,3
1049,test1049.wav,test1049.wav,44100,2.36845805,1
1050,test1050.wav,test1050.wav,44100,2.36845805,2
1051,test1051.wav,test1051.wav,44100,0.975260771,1
1052,test1052.wav,test1052.wav,44100,2.089818594,3
1053,test1053.wav,test1053.wav,44100,1.300340136,3
1054,test1054.wav,test1054.wav,44100,1.950498866,1
1055,test1055.wav,test1055.wav,44100,2.36845805,1
1056,test1056.wav,test1056.wav,44100,2.36845805,2
1057,test1057.wav,test1057.wav,44100,0.975260771,1
1058,test1058.wav,test1058.wav,44100,2.089818594,3
1059,test1059.wav,test1059.wav,44100,1.300340136,3
1060,test1060.wav,test1060.wav,44100,1.950498866,1
1061,test1061.wav,test1061.wav,44100,2.36845805,1
1062,test1062.wav,test1062.wav,44100,2.36845805,2
1063,test1063.wav,test1063.wav,44100,0.975260771,1
1064,test1064.wav,test1064.wav,44100,2.089818594,3
1065,test1065.wav,test1065.wav,44100,1.300340136,3
1066,test1066.wav,test1066.wav,44100,1.950498866,1
1067,test1067.wav,test1067.wav,44100,2.36845805,1
1068,test1068.wav,test1068.wav,44100,2.36845805,2
1069,test1069.wav,test1069.wav,44100,0.975260771,1
1070,test1070.wav,test1070.wav,44100,2.089818594,3
1071,test1071.wav,test1071.wav,44100,1.300340136,3
1072,test1072.wav,test1072.wav,44100,1.950498866,1
1073,test1073.wav,test1073.wav,44100,2.36845805,1
1074,test1074.wav,test1074.wav,44100,2.36845805,2
1075,test1075.wav,test1075.wav,44100,0.975260771,1
1076,test1076.wav,test1076.wav,44100,2.089818594,3
1077,test1077.wav,test1077.wav,44100,1.300340136,3
1078,test1078.wav,test1078.wav,44100,1.950498866,1
1079,test1079.wav,test1079.wav,44100,2.36845805,1
1080,test1080.wav,test1080.wav,44100,2.36845805,2
1081,test1081.wav,test1081.wav,44100,0.975260771,1
1082,test1082.wav,test1082.wav,44100,2.089818594,3
1083,test1083.wav,test1083.wav,44100,1.300340136,3
1084,test1084.wav,test1084.wav,44100,1.950498866,1
1085,test1085.wav,test1085.wav,44100,2.36845805,1
1086,test1086.wav,test1086.wav,44100,2.36845805,2
1087,test1087.wav,test1087.wav,44100,0.975260771,1
1088,test1088.wav,test1088.wav,44100,2.089818594,3
1089,test1089.wav,test1089.wav,44100,1.300340136,3
1090,test1090.wav,test1090.wav,44100,1.950498866,1
1091,test1091.wav,test1091.wav,44100,2.36845805,1
1092,test1092.wav,test1092.wav,44100,2.36845805,2
1093,test1093.wav,test1093.wav,44100,0.975260771,1
1094,test1094.wav,test1094.wav,44100,2.089818594,3
1095,test1095.wav,test1095.wav,44100,1.300340136,3
1096,test1096.wav,test1096.wav,44100,1.950498866,1
1097,test1097.wav,test1097.wav,44100,2.36845805,1
1098,test1098.wav,test1098.wav,44100,2.36845805,2
1099,test1099.wav,test1099.wav,44100,0.975260771,1
1100,test1100.wav,test1100.wav,44100,2.089818594,3
1101,test1101.wav,test1101.wav,44100,1.300340136,3
1102,test1102.wav,test1102.wav,44100,1.950498866,1
1103,test1103.wav,test1103.wav,44100,2.36845805,1
1104,test1104.wav,test1104.wav,44100,2.36845805,2
1105,test1105.wav,test1105.wav,44100,0.975260771,1
1106,test1106.wav,test1106.wav,44100,2.089818594,3
1107,test1107.wav,test1107.wav,44100,1.300340136,3
1108,test1108.wav,test1108.wav,44100,1.950498866,1
1109,test1109.wav,test1109.wav,44100,2.36845805,1
1110,test1110.wav,test1110.wav,44100,2.36845805,2
1111,test1111.wav,test1111.wav,44100,0.975260771,1
1112,test1112.wav,test1112.wav,44100,2.089818594,3
1113,test1113.wav,test1113.wav,44100,1.300340136,3
1114,test1114.wav,test1114.wav,44100,1.950498866,1
1115,test1115.wav,test1115.wav,44100,2.36845805,1
1116,test1116.wav,test1116.wav,44100,2.36845805,2
1117,test1117.wav,test1117.wav,44100,0.975260771,1
1118,test1118.wav,test1118.wav,44100,2.089818594,3
1119,test1119.wav,test1119.wav,44100,1.300340136,3
1120,test1120.wav,test1120.wav,44100,1.950498866,1
1121,test1121.wav,test1121.wav,44100,2.36845805,1
1122,test1122.wav,test1122.wav,44100,2.36845805,2
1123,test1123.wav,test1123.wav,44100,0.975260771,1
1124,test1124.wav,test1124.wav,44100,2.089818594,3
1125,test1125.wav,test1125.wav,44100,1.300340136,3
1126,test1126.wav,test1126.wav,44100,1.950498866,1
1127,test1127.wav,test1127.wav,44100,2.36845805,1
1128,test1128.wav,test1128.wav,44100,2.36845805,2
1129,test1129.wav,test1129.wav,44100,0.975260771,1
1130,test1130.wav,test1130.wav,44100,2.089818594,3
1131,test1131.wav,test1131.wav,44100,1.300340136,3
1132,test1132.wav,test1132.wav,44100,1.950498866,1
1133,test1133.wav,test1133.wav,44100,2.36845805,1
1134,test1134.wav,test1134.wav,44100,2.36845805,2
1135,test1135.wav,test1135.wav,44100,0.975260771,1
1136,test1136.wav,test1136.wav,44100,2.089818594,3
1137,test1137.wav,test1137.wav,44100,1.300340136,3
1138,test1138.wav,test1138.wav,44100,1.950498866,1
1139,test1139.wav,test1139.wav,44100,2.36845805,1
1140,test1140.wav,test1140.wav,44100,2.36845805,2
1141,test1141.wav,test1141.wav,44100,0.975260771,1
1142,test1142.wav,test1142.wav,44100,2.089818594,3
1143,test1143.wav,test1143.wav,44100,1.300340136,3
1144,test1144.wav,test1144.wav,44100,1.950498866,1
1145,test1145.wav,test1145.wav,44100,2.36845805,1
1146,test1146.wav,test1146.wav,44100,2.36845805,2
1147,test1147.wav,test1147.wav,44100,0.975260771,1
1148,test1148.wav,test1148.wav,44100,2.089818594,3
1149,test1149.wav,test1149.wav,44100,1.904058957,1
1150,test1150.wav,test1150.wav,44100,1.393219955,1
1151,test1151.wav,test1151.wav,44100,1.904058957,1
1152,test1152.wav,test1152.wav,44100,1.393219955,1
1153,test1153.wav,test1153.wav,44100,1.857619048,1
1154,test1154.wav,test1154.wav,44100,1.764739229,1
1155,test1155.wav,test1155.wav,44100,2.554217687,1
1156,test1156.wav,test1156.wav,44100,1.67185941,1
1157,test1157.wav,test1157.wav,44100,1.71829932,1
1158,test1158.wav,test1158.wav,44100,1.253900227,1
1159,test1159.wav,test1159.wav,44100,1.625419501,1
1160,test1160.wav,test1160.wav,44100,2.043378685,1
1161,test1161.wav,test1161.wav,44100,1.67185941,2
1162,test1162.wav,test1162.wav,44100,1.811179138,1
1163,test1163.wav,test1163.wav,44100,1.578979592,1
1164,test1164.wav,test1164.wav,44100,1.764739229,1
1165,test1165.wav,test1165.wav,44100,1.811179138,1
1166,test1166.wav,test1166.wav,44100,0.835941043,1
1167,test1167.wav,test1167.wav,44100,1.811179138,1
1168,test1168.wav,test1168.wav,44100,1.578979592,1
1169,test1169.wav,test1169.wav,44100,1.764739229,1
1170,test1170.wav,test1170.wav,44100,1.764739229,1
1171,test1171.wav,test1171.wav,44100,1.996938776,1
1172,test1172.wav,test1172.wav,44100,1.346780045,1
1173,test1173.wav,test1173.wav,44100,1.393219955,1
1174,test1174.wav,test1174.wav,44100,1.439659864,1
1175,test1175.wav,test1175.wav,44100,1.578979592,1
1176,test1176.wav,test1176.wav,44100,1.857619048,1
1177,test1177.wav,test1177.wav,44100,1.764739229,1
1178,test1178.wav,test1178.wav,44100,1.857619048,1
1179,test1179.wav,test1179.wav,44100,1.904058957,1
1180,test1180.wav,test1180.wav,44100,1.950498866,3
1181,test1181.wav,test1181.wav,44100,1.67185941,3
1182,test1182.wav,test1182.wav,44100,1.486099773,3
1183,test1183.wav,test1183.wav,44100,1.811179138,1
1184,test1184.wav,test1184.wav,44100,1.253900227,1
1185,test1185.wav,test1185.wav,44100,1.439659864,3
1186,test1186.wav,test1186.wav,44100,1.67185941,1
1187,test1187.wav,test1187.wav,44100,1.996938776,1
1188,test1188.wav,test1188.wav,44100,1.996938776,1
1189,test1189.wav,test1189.wav,44100,1.764739229,1
1190,test1190.wav,test1190.wav,44100,1.439659864,1
1191,test1191.wav,test1191.wav,44100,1.439659864,1
1192,test1192.wav,test1192.wav,44100,1.857619048,1
1193,test1193.wav,test1193.wav,44100,1.532539683,1
1194,test1194.wav,test1194.wav,44100,1.904058957,2
1195,test1195.wav,test1195.wav,44100,1.996938776,1
1196,test1196.wav,test1196.wav,44100,1.904058957,1
1197,test1197.wav,test1197.wav,44100,1.532539683,1
1198,test1198.wav,test1198.wav,44100,1.486099773,1
1199,test1199.wav,test1199.wav,44100,1.904058957,1
1200,test1200.wav,test1200.wav,44100,1.857619048,1
1201,test1201.wav,test1201.wav,44100,1.811179138,1
1202,test1202.wav,test1202.wav,44100,1.625419501,1
1203,test1203.wav,test1203.wav,44100,1.950498866,2
1204,test1204.wav,test1204.wav,44100,1.857619048,2
1205,test1205.wav,test1205.wav,44100,1.904058957,3
1206,test1206.wav,test1206.wav,44100,1.950498866,3
1207,test1207.wav,test1207.wav,44100,1.764739229,3
1208,test1208.wav,test1208.wav,44100,1.346780045,2
1209,test1209.wav,test1209.wav,44100,2.925736961,2
1210,test1210.wav,test1210.wav,44100,1.625419501,2
1211,test1211.wav,test1211.wav,44100,1.996938776,2
1212,test1212.wav,test1212.wav,44100,1.811179138,2
1213,test1213.wav,test1213.wav,44100,1.904058957,2
1214,test1214.wav,test1214.wav,44100,1.764739229,2
1215,test1215.wav,test1215.wav,44100,1.71829932,2
1216,test1216.wav,test1216.wav,44100,1.950498866,2
1217,test1217.wav,test1217.wav,44100,1.857619048,2
1218,test1218.wav,test1218.wav,44100,1.996938776,2
1219,test1219.wav,test1219.wav,44100,2.182698413,2
1220,test1220.wav,test1220.wav,44100,1.811179138,2
1221,test1221.wav,test1221.wav,44100,1.811179138,2
1222,test1222.wav,test1222.wav,44100,1.439659864,2
1223,test1223.wav,test1223.wav,44100,1.996938776,2
1224,test1224.wav,test1224.wav,44100,1.950498866,2
1225,test1225.wav,test1225.wav,44100,1.950498866,2
1226,test1226.wav,test1226.wav,44100,2.043378685,2
1227,test1227.wav,test1227.wav,44100,1.764739229,2
1228,test1228.wav,test1228.wav,44100,1.904058957,2
1229,test1229.wav,test1229.wav,44100,1.857619048,2
1230,test1230.wav,test1230.wav,44100,1.161020408,2
1231,test1231.wav,test1231.wav,44100,1.857619048,2
1232,test1232.wav,test1232.wav,44100,1.486099773,2
1233,test1233.wav,test1233.wav,44100,1.950498866,2
1234,test1234.wav,test1234.wav,44100,1.857619048,2
1235,test1235.wav,test1235.wav,44100,1.904058957,3
1236,test1236.wav,test1236.wav,44100,1.950498866,3
1237,test1237.wav,test1237.wav,44100,1.764739229,3
1238,test1238.wav,test1238.wav,44100,1.346780045,2
1239,test1239.wav,test1239.wav,44100,2.925736961,2
1240,test1240.wav,test1240.wav,44100,1.625419501,2
1241,test1241.wav,test1241.wav,44100,1.996938776,2
1242,test1242.wav,test1242.wav,44100,1.811179138,2
1243,test1243.wav,test1243.wav,44100,1.904058957,2
1244,test1244.wav,test1244.wav,44100,1.764739229,2
1245,test1245.wav,test1245.wav,44100,1.71829932,2
1246,test1246.wav,test1246.wav,44100,1.950498866,2
1247,test1247.wav,test1247.wav,44100,1.857619048,2
1248,test1248.wav,test1248.wav,44100,1.996938776,2
1249,test1249.wav,test1249.wav,44100,2.182698413,2
1250,test1250.wav,test1250.wav,44100,1.811179138,2
1251,test1251.wav,test1251.wav,44100,1.811179138,2
1252,test1252.wav,test1252.wav,44100,1.439659864,2
1253,test1253.wav,test1253.wav,44100,1.996938776,2
1254,test1254.wav,test1254.wav,44100,1.950498866,2
1255,test1255.wav,test1255.wav,44100,1.950498866,2
1256,test1256.wav,test1256.wav,44100,2.043378685,2
1257,test1257.wav,test1257.wav,44100,1.996938776,3
1258,test1258.wav,test1258.wav,44100,1.996938776,3
1259,test1259.wav,test1259.wav,44100,1.811179138,3
1260,test1260.wav,test1260.wav,44100,1.857619048,1
1261,test1261.wav,test1261.wav,44100,2.182698413,3
1262,test1262.wav,test1262.wav,44100,1.950498866,3
1263,test1263.wav,test1263.wav,44100,2.043378685,1
1264,test1264.wav,test1264.wav,44100,1.996938776,3
1265,test1265.wav,test1265.wav,44100,1.904058957,2
1266,test1266.wav,test1266.wav,44100,1.06814059,3
1267,test1267.wav,test1267.wav,44100,1.857619048,3
1268,test1268.wav,test1268.wav,44100,1.996938776,3
1269,test1269.wav,test1269.wav,44100,2.043378685,2
1270,test1270.wav,test1270.wav,44100,1.67185941,3
1271,test1271.wav,test1271.wav,44100,2.925736961,3
1272,test1272.wav,test1272.wav,44100,1.67185941,3
1273,test1273.wav,test1273.wav,44100,1.764739229,3
1274,test1274.wav,test1274.wav,44100,1.625419501,3
1275,test1275.wav,test1275.wav,44100,1.393219955,3
1276,test1276.wav,test1276.wav,44100,1.857619048,3
1277,test1277.wav,test1277.wav,44100,2.182698413,3
1278,test1278.wav,test1278.wav,44100,1.857619048,3
1279,test1279.wav,test1279.wav,44100,3.250816327,3
1280,test1280.wav,test1280.wav,44100,1.393219955,3
1281,test1281.wav,test1281.wav,44100,1.71829932,3
1282,test1282.wav,test1282.wav,44100,1.578979592,3
1283,test1283.wav,test1283.wav,44100,1.67185941,3
1284,test1284.wav,test1284.wav,44100,1.578979592,3
1285,test1285.wav,test1285.wav,44100,1.996938776,3
1286,test1286.wav,test1286.wav,44100,1.996938776,3
1287,test1287.wav,test1287.wav,44100,1.996938776,3
1288,test1288.wav,test1288.wav,44100,1.996938776,3
1289,test1289.wav,test1289.wav,44100,1.811179138,3
1290,test1290.wav,test1290.wav,44100,1.857619048,1
1291,test1291.wav,test1291.wav,44100,2.182698413,3
1292,test1292.wav,test1292.wav,44100,1.950498866,3
1293,test1293.wav,test1293.wav,44100,2.043378685,1
1294,test1294.wav,test1294.wav,44100,1.996938776,3
1295,test1295.wav,test1295.wav,44100,1.904058957,2
1296,test1296.wav,test1296.wav,44100,1.06814059,3
1297,test1297.wav,test1297.wav,44100,1.857619048,3
1298,test1298.wav,test1298.wav,44100,1.996938776,3
1299,test1299.wav,test1299.wav,44100,2.043378685,2
1300,test1300.wav,test1300.wav,44100,1.67185941,3
1301,test1301.wav,test1301.wav,44100,2.925736961,3
1302,test1302.wav,test1302.wav,44100,1.67185941,3
1303,test1303.wav,test1303.wav,44100,1.764739229,3
1304,test1304.wav,test1304.wav,44100,1.625419501,3
1305,test1305.wav,test1305.wav,44100,1.393219955,3
1306,test1306.wav,test1306.wav,44100,1.857619048,3
1307,test1307.wav,test1307.wav,44100,2.182698413,3
1308,test1308.wav,test1308.wav,44100,1.857619048,3
1309,test1309.wav,test1309.wav,44100,3.250816327,3
1310,test1310.wav,test1310.wav,44100,1.393219955,3
1311,test1311.wav,test1311.wav,44100,2.36845805,1
1312,test1312.wav,test1312.wav,44100,2.36845805,2
1313,test1313.wav,test1313.wav,44100,0.975260771,1
1314,test1314.wav,test1314.wav,44100,2.089818594,3
1315,test1315.wav,test1315.wav,44100,1.300340136,3
1316,test1316.wav,test1316.wav,44100,1.950498866,1
1317,test1317.wav,test1317.wav,44100,2.36845805,1
1318,test1318.wav,test1318.wav,44100,2.36845805,2
1319,test1319.wav,test1319.wav,44100,0.975260771,1
1320,test1320.wav,test1320.wav,44100,2.089818594,3
1321,test1321.wav,test1321.wav,44100,1.300340136,3
1322,test1322.wav,test1322.wav,44100,1.950498866,1
1323,test1323.wav,test1323.wav,44100,2.36845805,1
1324,test1324.wav,test1324.wav,44100,2.36845805,2
1325,test1325.wav,test1325.wav,44100,0.975260771,1
1326,test1326.wav,test1326.wav,44100,2.089818594,3
1327,test1327.wav,test1327.wav,44100,1.300340136,3
1328,test1328.wav,test1328.wav,44100,1.950498866,1
1329,test1329.wav,test1329.wav,44100,2.36845805,1
1330,test1330.wav,test1330.wav,44100,2.36845805,2
1331,test1331.wav,test1331.wav,44100,0.975260771,1
1332,test1332.wav,test1332.wav,44100,2.089818594,3
1333,test1333.wav,test1333.wav,44100,1.300340136,3
1334,test1334.wav,test1334.wav,44100,1.950498866,1
1335,test1335.wav,test1335.wav,44100,2.36845805,1
1336,test1336.wav,test1336.wav,44100,2.36845805,2
1337,test1337.wav,test1337.wav,44100,0.975260771,1
1338,test1338.wav,test1338.wav,44100,2.089818594,3
1339,test1339.wav,test1339.wav,44100,1.300340136,3
1340,test1340.wav,test1340.wav,44100,1.950498866,1
1341,test1341.wav,test1341.wav,44100,2.36845805,1
1342,test1342.wav,test1342.wav,44100,2.36845805,2
1343,test1343.wav,test1343.wav,44100,0.975260771,1
1344,test1344.wav,test1344.wav,44100,2.089818594,3
1345,test1345.wav,test1345.wav,44100,1.300340136,3
1346,test1346.wav,test1346.wav,44100,1.950498866,1
1347,test1347.wav,test1347.wav,44100,2.36845805,1
1348,test1348.wav,test1348.wav,44100,2.36845805,2
1349,test1349.wav,test1349.wav,44100,0.975260771,1
1350,test1350.wav,test1350.wav,44100,2.089818594,3
1351,test1351.wav,test1351.wav,44100,1.300340136,3
1352,test1352.wav,test1352.wav,44100,1.950498866,1
1353,test1353.wav,test1353.wav,44100,2.36845805,1
1354,test1354.wav,test1354.wav,44100,2.36845805,2
1355,test1355.wav,test1355.wav,44100,0.975260771,1
1356,test1356.wav,test1356.wav,44100,2.089818594,3
1357,test1357.wav,test1357.wav,44100,1.300340136,3
1358,test1358.wav,test1358.wav,44100,1.950498866,1
1359,test1359.wav,test1359.wav,44100,2.36845805,1
1360,test1360.wav,test1360.wav,44100,2.36845805,2
1361,test1361.wav,test1361.wav,44100,0.975260771,1
1362,test1362.wav,test1362.wav,44100,2.089818594,3
1363,test1363.wav,test1363.wav,44100,1.300340136,3
1364,test1364.wav,test1364.wav,44100,1.950498866,1
1365,test1365.wav,test1365.wav,44100,2.36845805,1
1366,test1366.wav,test1366.wav,44100,2.36845805,2
1367,test1367.wav,test1367.wav,44100,0.975260771,1
1368,test1368.wav,test1368.wav,44100,2.089818594,3
1369,test1369.wav,test1369.wav,44100,1.300340136,3
1370,test1370.wav,test1370.wav,44100,1.950498866,1
1371,test1371.wav,test1371.wav,44100,2.36845805,1
1372,test1372.wav,test1372.wav,44100,2.36845805,2
1373,test1373.wav,test1373.wav,44100,0.975260771,1
1374,test1374.wav,test1374.wav,44100,2.089818594,3
1375,test1375.wav,test1375.wav,44100,1.300340136,3
1376,test1376.wav,test1376.wav,44100,1.950498866,1
1377,test1377.wav,test1377.wav,44100,2.36845805,1
1378,test1378.wav,test1378.wav,44100,2.36845805,2
1379,test1379.wav,test1379.wav,44100,0.975260771,1
1380,test1380.wav,test1380.wav,44100,2.089818594,3
1381,test1381.wav,test1381.wav,44100,1.300340136,3
1382,test1382.wav,test1382.wav,44100,1.950498866,1
1383,test1383.wav,test1383.wav,44100,2.36845805,1
1384,test1384.wav,test1384.wav,44100,2.36845805,2
1385,test1385.wav,test1385.wav,44100,0.975260771,1
1386,test1386.wav,test1386.wav,44100,2.089818594,3
1387,test1387.wav,test1387.wav,44100,1.300340136,3
1388,test1388.wav,test1388.wav,44100,1.950498866,1
1389,test1389.wav,test1389.wav,44100,2.36845805,1
1390,test1390.wav,test1390.wav,44100,2.36845805,2
1391,test1391.wav,test1391.wav,44100,0.975260771,1
1392,test1392.wav,test1392.wav,44100,2.089818594,3
1393,test1393.wav,test1393.wav,44100,1.300340136,3
1394,test1394.wav,test1394.wav,44100,1.950498866,1
1395,test1395.wav,test1395.wav,44100,2.36845805,1
1396,test1396.wav,test1396.wav,44100,2.36845805,2
1397,test1397.wav,test1397.wav,44100,0.975260771,1
1398,test1398.wav,test1398.wav,44100,2.089818594,3
1399,test1399.wav,test1399.wav,44100,1.300340136,3
1400,test1400.wav,test1400.wav,44100,1.950498866,1
1401,test1401.wav,test1401.wav,44100,2.36845805,1
1402,test1402.wav,test1402.wav,44100,2.36845805,2
1403,test1403.wav,test1403.wav,44100,0.975260771,1
1404,test1404.wav,test1404.wav,44100,2.089818594,3
1405,test1405.wav,test1405.wav,44100,1.300340136,3
1406,test1406.wav,test1406.wav,44100,1.950498866,1
1407,test1407.wav,test1407.wav,44100,2.36845805,1
1408,test1408.wav,test1408.wav,44100,2.36845805,2
1409,test1409.wav,test1409.wav,44100,0.975260771,1
1410,test1410.wav,test1410.wav,44100,2.089818594,3
1411,test1411.wav,test1411.wav,44100,1.904058957,1
1412,test1412.wav,test1412.wav,44100,1.393219955,1
1413,test1413.wav,test1413.wav,44100,1.904058957,1
1414,test1414.wav,test1414.wav,44100,1.393219955,1
1415,test1415.wav,test1415.wav,44100,1.857619048,1
1416,test1416.wav,test1416.wav,44100,1.764739229,1
1417,test1417.wav,test1417.wav,44100,2.554217687,1
1418,test1418.wav,test1418.wav,44100,1.67185941,1
1419,test1419.wav,test1419.wav,44100,1.71829932,1
1420,test1420.wav,test1420.wav,44100,1.253900227,1
1421,test1421.wav,test1421.wav,44100,1.625419501,1
1422,test1422.wav,test1422.wav,44100,2.043378685,1
1423,test1423.wav,test1423.wav,44100,1.67185941,2
1424,test1424.wav,test1424.wav,44100,1.811179138,1
1425,test1425.wav,test1425.wav,44100,1.578979592,1
1426,test1426.wav,test1426.wav,44100,1.764739229,1
1427,test1427.wav,test1427.wav,44100,1.811179138,1
1428,test1428.wav,test1428.wav,44100,0.835941043,1
1429,test1429.wav,test1429.wav,44100,1.811179138,1
1430,test1430.wav,test1430.wav,44100,1.578979592,1
1431,test1431.wav,test1431.wav,44100,1.764739229,1
1432,test1432.wav,test1432.wav,44100,1.764739229,1
1433,test1433.wav,test1433.wav,44100,1.996938776,1
1434,test1434.wav,test1434.wav,44100,1.346780045,1
1435,test1435.wav,test1435.wav,44100,1.393219955,1
1436,test1436.wav,test1436.wav,44100,1.439659864,1
1437,test1437.wav,test1437.wav,44100,1.578979592,1
1438,test1438.wav,test1438.wav,44100,1.857619048,1
1439,test1439.wav,test1439.wav,44100,1.764739229,1
1440,test1440.wav,test1440.wav,44100,1.857619048,1
1441,test1441.wav,test1441.wav,44100,1.904058957,1
1442,test1442.wav,test1442.wav,44100,1.950498866,3
1443,test1443.wav,test1443.wav,44100,1.67185941,3
1444,test1444.wav,test1444.wav,44100,1.486099773,3
1445,test1445.wav,test1445.wav,44100,1.811179138,1
1446,test1446.wav,test1446.wav,44100,1.253900227,1
1447,test1447.wav,test1447.wav,44100,1.439659864,3
1448,test1448.wav,test1448.wav,44100,1.67185941,1
1449,test1449.wav,test1449.wav,44100,1.996938776,1
1450,test1450.wav,test1450.wav,44100,1.996938776,1
1451,test1451.wav,test1451.wav,44100,1.764739229,1
1452,test1452.wav,test1452.wav,44100,1.439659864,1
1453,test1453.wav,test1453.wav,44100,1.439659864,1
1454,test1454.wav,test1454.wav,44100,1.857619048,1
1455,test1455.wav,test1455.wav,44100,1.532539683,1
1456,test1456.wav,test1456.wav,44100,1.904058957,2
1457,test1457.wav,test1457.wav,44100,1.996938776,1
1458,test1458.wav,test1458.wav,44100,1.904058957,1
1459,test1459.wav,test1459.wav,44100,1.532539683,1
1460,test1460.wav,test1460.wav,44100,1.486099773,1
1461,test1461.wav,test1461.wav,44100,1.904058957,1
1462,test1462.wav,test1462.wav,44100,1.857619048,1
1463,test1463.wav,test1463.wav,44100,1.811179138,1
1464,test1464.wav,test1464.wav,44100,1.625419501,1
1465,test1465.wav,test1465.wav,44100,1.950498866,2
1466,test1466.wav,test1466.wav,44100,1.857619048,2
1467,test1467.wav,test1467.wav,44100,1.904058957,3
1468,test1468.wav,test1468.wav,44100,1.950498866,3
1469,test1469.wav,test1469.wav,44100,1.764739229,3
1470,test1470.wav,test1470.wav,44100,1.346780045,2
1471,test1471.wav,test1471.wav,44100,2.925736961,2
1472,test1472.wav,test1472.wav,44100,1.625419501,2
1473,test1473.wav,test1473.wav,44100,1.996938776,2
1474,test1474.wav,test1474.wav,44100,1.811179138,2
1475,test1475.wav,test1475.wav,44100,1.904058957,2
1476,test1476.wav,test1476.wav,44100,1.764739229,2
1477,test1477.wav,test1477.wav,44100,1.71829932,2
1478,test1478.wav,test1478.wav,44100,1.950498866,2
1479,test1479.wav,test1479.wav,44100,1.857619048,2
1480,test1480.wav,test1480.wav,44100,1.996938776,2
1481,test1481.wav,test1481.wav,44100,2.182698413,2
1482,test1482.wav,test1482.wav,44100,1.811179138,2
1483,test1483.wav,test1483.wav,44100,1.811179138,2
1484,test1484.wav,test1484.wav,44100,1.439659864,2
1485,test1485.wav,test1485.wav,44100,1.996938776,2
1486,test1486.wav,test1486.wav,44100,1.950498866,2
1487,test1487.wav,test1487.wav,44100,1.950498866,2
1488,test1488.wav,test1488.wav,44100,2.043378685,2
1489,test1489.wav,test1489.wav,44100,1.764739229,2
1490,test1490.wav,test1490.wav,44100,1.904058957,2
1491,test1491.wav,test1491.wav,44100,1.857619048,2
1492,test1492.wav,test1492.wav,44100,1.161020408,2
1493,test1493.wav,test1493.wav,44100,1.857619048,2
1494,test1494.wav,test1494.wav,44100,1.486099773,2
1495,test1495.wav,test1495.wav,44100,1.950498866,2
1496,test1496.wav,test1496.wav,44100,1.857619048,2
1497,test1497.wav,test1497.wav,44100,1.904058957,3
1498,test1498.wav,test1498.wav,44100,1.950498866,3
1499,test1499.wav,test1499.wav,44100,1.764739229,3
1500,test1500.wav,test1500.wav,44100,1.346780045,2
1501,test1501.wav,test1501.wav,44100,2.925736961,2
1502,test1502.wav,test1502.wav,44100,1.625419501,2
1503,test1503.wav,test1503.wav,44100,1.996938776,2
1504,test1504.wav,test1504.wav,44100,1.811179138,2
1505,test1505.wav,test1505.wav,44100,1.904058957,2
1506,test1506.wav,test1506.wav,44100,1.764739229,2
1507,test1507.wav,test1507.wav,44100,1.71829932,2
1508,test1508.wav,test1508.wav,44100,1.950498866,2
1509,test1509.wav,test1509.wav,44100,1.857619048,2
1510,test1510.wav,test1510.wav,44100,1.996938776,2
1511,test1511.wav,test1511.wav,44100,2.182698413,2
1512,test1512.wav,test1512.wav,44100,1.811179138,2
1513,test1513.wav,test1513.wav,44100,1.811179138,2
1514,test1514.wav,test1514.wav,44100,1.439659864,2
1515,test1515.wav,test1515.wav,44100,1.996938776,2
1516,test1516.wav,test1516.wav,44100,1.950498866,2
1517,test1517.wav,test1517.wav,44100,1.950498866,2
1518,test1518.wav,test1518.wav,44100,2.043378685,2
1519,test1519.wav,test1519.wav,44100,1.996938776,3
1520,test1520.wav,test1520.wav,44100,1.996938776,3
1521,test1521.wav,test1521.wav,44100,1.811179138,3
1522,test1522.wav,test1522.wav,44100,1.857619048,1
1523,test1523.wav,test1523.wav,44100,2.182698413,3
1524,test1524.wav,test1524.wav,44100,1.950498866,3
1525,test1525.wav,test1525.wav,44100,2.043378685,1
1526,test1526.wav,test1526.wav,44100,1.996938776,3
1527,test1527.wav,test1527.wav,44100,1.904058957,2
1528,test1528.wav,test1528.wav,44100,1.06814059,3
1529,test1529.wav,test1529.wav,44100,1.857619048,3
1530,test1530.wav,test1530.wav,44100,1.996938776,3
1531,test1531.wav,test1531.wav,44100,2.043378685,2
1532,test1532.wav,test1532.wav,44100,1.67185941,3
1533,test1533.wav,test1533.wav,44100,2.925736961,3
1534,test1534.wav,test1534.wav,44100,1.67185941,3
1535,test1535.wav,test1535.wav,44100,1.764739229,3
1536,test1536.wav,test1536.wav,44100,1.625419501,3
1537,test1537.wav,test1537.wav,44100,1.393219955,3
1538,test1538.wav,test1538.wav,44100,1.857619048,3
1539,test1539.wav,test1539.wav,44100,2.182698413,3
1540,test1540.wav,test1540.wav,44100,1.857619048,3
1541,test1541.wav,test1541.wav,44100,3.250816327,3
1542,test1542.wav,test1542.wav,44100,1.393219955,3
1543,test1543.wav,test1543.wav,44100,1.71829932,3
1544,test1544.wav,test1544.wav,44100,1.578979592,3
1545,test1545.wav,test1545.wav,44100,1.67185941,3
1546,test1546.wav,test1546.wav,44100,1.578979592,3
1547,test1547.wav,test1547.wav,44100,1.996938776,3
1548,test1548.wav,test1548.wav,44100,1.996938776,3
1549,test1549.wav,test1549.wav,44100,1.996938776,3
1550,test1550.wav,test1550.wav,44100,1.996938776,3
1551,test1551.wav,test1551.wav,44100,1.811179138,3
1552,test1552.wav,test1552.wav,44100,1.857619048,1
1553,test1553.wav,test1553.wav,44100,2.182698413,3
1554,test1554.wav,test1554.wav,44100,1.950498866,3
1555,test1555.wav,test1555.wav,44100,2.043378685,1
1556,test1556.wav,test1556.wav,44100,1.996938776,3
1557,test1557.wav,test1557.wav,44100,1.904058957,2
1558,test1558.wav,test1558.wav,44100,1.06814059,3
1559,test1559.wav,test1559.wav,44100,1.857619048,3
1560,test1560.wav,test1560.wav,44100,1.996938776,3
1561,test1561.wav,test1561.wav,44100,2.043378685,2
1562,test1562.wav,test1562.wav,44100,1.67185941,3
1563,test1563.wav,test1563.wav,44100,2.925736961,3
1564,test1564.wav,test1564.wav,44100,1.67185941,3
1565,test1565.wav,test1565.wav,44100,1.764739229,3
1566,test1566.wav,test1566.wav,44100,1.625419501,3
1567,test1567.wav,test1567.wav,44100,1.393219955,3
1568,test1568.wav,test1568.wav,44100,1.857619048,3
1569,test1569.wav,test1569.wav,44100,2.182698413,3
1570,test1570.wav,test1570.wav,44100,1.857619048,3
1571,test1571.wav,test1571.wav,44100,3.250816327,3
1572,test1572.wav,test1572.wav,44100,1.393219955,3
1573,test1573.wav,test1573.wav,44100,2.36845805,1
1574,test1574.wav,test1574.wav,44100,2.36845805,2
1575,test1575.wav,test1575.wav,44100,0.975260771,1
1576,test1576.wav,test1576.wav,44100,2.089818594,3
1577,test1577.wav,test1577.wav,44100,1.300340136,3
1578,test1578.wav,test1578.wav,44100,1.950498866,1
1579,test1579.wav,test1579.wav,44100,2.36845805,1
1580,test1580.wav,test1580.wav,44100,2.36845805,2
1581,test1581.wav,test1581.wav,44100,0.975260771,1
1582,test1582.wav,test1582.wav,44100,2.089818594,3
1583,test1583.wav,test1583.wav,44100,1.300340136,3
1584,test1584.wav,test1584.wav,44100,1.950498866,1
1585,test1585.wav,test1585.wav,44100,2.36845805,1
1586,test1586.wav,test1586.wav,44100,2.36845805,2
1587,test1587.wav,test1587.wav,44100,0.975260771,1
1588,test1588.wav,test1588.wav,44100,2.089818594,3
1589,test1589.wav,test1589.wav,44100,1.300340136,3
1590,test1590.wav,test1590.wav,44100,1.950498866,1
1591,test1591.wav,test1591.wav,44100,2.36845805,1
1592,test1592.wav,test1592.wav,44100,2.36845805,2
1593,test1593.wav,test1593.wav,44100,0.975260771,1
1594,test1594.wav,test1594.wav,44100,2.089818594,3
1595,test1595.wav,test1595.wav,44100,1.300340136,3
1596,test1596.wav,test1596.wav,44100,1.950498866,1
1597,test1597.wav,test1597.wav,44100,2.36845805,1
1598,test1598.wav,test1598.wav,44100,2.36845805,2
1599,test1599.wav,test1599.wav,44100,0.975260771,1
1600,test1600.wav,test1600.wav,44100,2.089818594,3
1601,test1601.wav,test1601.wav,44100,1.300340136,3
1602,test1602.wav,test1602.wav,44100,1.950498866,1
1603,test1603.wav,test1603.wav,44100,2.36845805,1
1604,test1604.wav,test1604.wav,44100,2.36845805,2
1605,test1605.wav,test1605.wav,44100,0.975260771,1
1606,test1606.wav,test1606.wav,44100,2.089818594,3
1607,test1607.wav,test1607.wav,44100,1.300340136,3
1608,test1608.wav,test1608.wav,44100,1.950498866,1
1609,test1609.wav,test1609.wav,44100,2.36845805,1
1610,test1610.wav,test1610.wav,44100,2.36845805,2
1611,test1611.wav,test1611.wav,44100,0.975260771,1
1612,test1612.wav,test1612.wav,44100,2.089818594,3
1613,test1613.wav,test1613.wav,44100,1.300340136,3
1614,test1614.wav,test1614.wav,44100,1.950498866,1
1615,test1615.wav,test1615.wav,44100,2.36845805,1
1616,test1616.wav,test1616.wav,44100,2.36845805,2
1617,test1617.wav,test1617.wav,44100,0.975260771,1
1618,test1618.wav,test1618.wav,44100,2.089818594,3
1619,test1619.wav,test1619.wav,44100,1.300340136,3
1620,test1620.wav,test1620.wav,44100,1.950498866,1
1621,test1621.wav,test1621.wav,44100,2.36845805,1
1622,test1622.wav,test1622.wav,44100,2.36845805,2
1623,test1623.wav,test1623.wav,44100,0.975260771,1
1624,test1624.wav,test1624.wav,44100,2.089818594,3
1625,test1625.wav,test1625.wav,44100,1.300340136,3
1626,test1626.wav,test1626.wav,44100,1.950498866,1
1627,test1627.wav,test1627.wav,44100,2.36845805,1
1628,test1628.wav,test1628.wav,44100,2.36845805,2
1629,test1629.wav,test1629.wav,44100,0.975260771,1
1630,test1630.wav,test1630.wav,44100,2.089818594,3
1631,test1631.wav,test1631.wav,44100,1.300340136,3
1632,test1632.wav,test1632.wav,44100,1.950498866,1
1633,test1633.wav,test1633.wav,44100,2.36845805,1
1634,test1634.wav,test1634.wav,44100,2.36845805,2
1635,test1635.wav,test1635.wav,44100,0.975260771,1
1636,test1636.wav,test1636.wav,44100,2.089818594,3
1637,test1637.wav,test1637.wav,44100,1.300340136,3
1638,test1638.wav,test1638.wav,44100,1.950498866,1
1639,test1639.wav,test1639.wav,44100,2.36845805,1
1640,test1640.wav,test1640.wav,44100,2.36845805,2
1641,test1641.wav,test1641.wav,44100,0.975260771,1
1642,test1642.wav,test1642.wav,44100,2.089818594,3
1643,test1643.wav,test1643.wav,44100,1.300340136,3
1644,test1644.wav,test1644.wav,44100,1.950498866,1
1645,test1645.wav,test1645.wav,44100,2.36845805,1
1646,test1646.wav,test1646.wav,44100,2.36845805,2
1647,test1647.wav,test1647.wav,44100,0.975260771,1
1648,test1648.wav,test1648.wav,44100,2.089818594,3
1649,test1649.wav,test1649.wav,44100,1.300340136,3
1650,test1650.wav,test1650.wav,44100,1.950498866,1
1651,test1651.wav,test1651.wav,44100,2.36845805,1
1652,test1652.wav,test1652.wav,44100,2.36845805,2
1653,test1653.wav,test1653.wav,44100,0.975260771,1
1654,test1654.wav,test1654.wav,44100,2.089818594,3
1655,test1655.wav,test1655.wav,44100,1.300340136,3
1656,test1656.wav,test1656.wav,44100,1.950498866,1
1657,test1657.wav,test1657.wav,44100,2.36845805,1
1658,test1658.wav,test1658.wav,44100,2.36845805,2
1659,test1659.wav,test1659.wav,44100,0.975260771,1
1660,test1660.wav,test1660.wav,44100,2.089818594,3
1661,test1661.wav,test1661.wav,44100,1.300340136,3
1662,test1662.wav,test1662.wav,44100,1.950498866,1
1663,test1663.wav,test1663.wav,44100,2.36845805,1
1664,test1664.wav,test1664.wav,44100,2.36845805,2
1665,test1665.wav,test1665.wav,44100,0.975260771,1
1666,test1666.wav,test1666.wav,44100,2.089818594,3
1667,test1667.wav,test1667.wav,44100,1.300340136,3
1668,test1668.wav,test1668.wav,44100,1.950498866,1
1669,test1669.wav,test1669.wav,44100,2.36845805,1
1670,test1670.wav,test1670.wav,44100,2.36845805,2
1671,test1671.wav,test1671.wav,44100,0.975260771,1
1672,test1672.wav,test1672.wav,44100,2.089818594,3
1673,test1673.wav,test1673.wav,44100,1.904058957,1
1674,test1674.wav,test1674.wav,44100,1.393219955,1
1675,test1675.wav,test1675.wav,44100,1.904058957,1
1676,test1676.wav,test1676.wav,44100,1.393219955,1
1677,test1677.wav,test1677.wav,44100,1.857619048,1
1678,test1678.wav,test1678.wav,44100,1.764739229,1
1679,test1679.wav,test1679.wav,44100,2.554217687,1
1680,test1680.wav,test1680.wav,44100,1.67185941,1
1681,test1681.wav,test1681.wav,44100,1.71829932,1
1682,test1682.wav,test1682.wav,44100,1.253900227,1
1683,test1683.wav,test1683.wav,44100,1.625419501,1
1684,test1684.wav,test1684.wav,44100,2.043378685,1
1685,test1685.wav,test1685.wav,44100,1.67185941,2
1686,test1686.wav,test1686.wav,44100,1.811179138,1
1687,test1687.wav,test1687.wav,44100,1.578979592,1
1688,test1688.wav,test1688.wav,44100,1.764739229,1
1689,test1689.wav,test1689.wav,44100,1.811179138,1
1690,test1690.wav,test1690.wav,44100,0.835941043,1
1691,test1691.wav,test1691.wav,44100,1.811179138,1
1692,test1692.wav,test1692.wav,44100,1.578979592,1
1693,test1693.wav,test1693.wav,44100,1.764739229,1
1694,test1694.wav,test1694.wav,44100,1.764739229,1
1695,test1695.wav,test1695.wav,44100,1.996938776,1
1696,test1696.wav,test1696.wav,44100,1.346780045,1
1697,test1697.wav,test1697.wav,44100,1.393219955,1
1698,test1698.wav,test1698.wav,44100,1.439659864,1
1699,test1699.wav,test1699.wav,44100,1.578979592,1
1700,test1700.wav,test1700.wav,44100,1.857619048,1
1701,test1701.wav,test1701.wav,44100,1.764739229,1
1702,test1702.wav,test1702.wav,44100,1.857619048,1
1703,test1703.wav,test1703.wav,44100,1.904058957,1
1704,test1704.wav,test1704.wav,44100,1.950498866,3
1705,test1705.wav,test1705.wav,44100,1.67185941,3
1706,test1706.wav,test1706.wav,44100,1.486099773,3
1707,test1707.wav,test1707.wav,44100,1.811179138,1
1708,test1708.wav,test1708.wav,44100,1.253900227,1
1709,test1709.wav,test1709.wav,44100,1.439659864,3
1710,test1710.wav,test1710.wav,44100,1.67185941,1
1711,test1711.wav,test1711.wav,44100,1.996938776,1
1712,test1712.wav,test1712.wav,44100,1.996938776,1
1713,test1713.wav,test1713.wav,44100,1.764739229,1
1714,test1714.wav,test1714.wav,44100,1.439659864,1
1715,test1715.wav,test1715.wav,44100,1.439659864,1
1716,test1716.wav,test1716.wav,44100,1.857619048,1
1717,test1717.wav,test1717.wav,44100,1.532539683,1
1718,test1718.wav,test1718.wav,44100,1.904058957,2
1719,test1719.wav,test1719.wav,44100,1.996938776,1
1720,test1720.wav,test1720.wav,44100,1.904058957,1
1721,test1721.wav,test1721.wav,44100,1.532539683,1
1722,test1722.wav,test1722.wav,44100,1.486099773,1
1723,test1723.wav,test1723.wav,44100,1.904058957,1
1724,test1724.wav,test1724.wav,44100,1.857619048,1
1725,test1725.wav,test1725.wav,44100,1.811179138,1
1726,test1726.wav,test1726.wav,44100,1.625419501,1
1727,test1727.wav,test1727.wav,44100,1.950498866,2
1728,test1728.wav,test1728.wav,44100,1.857619048,2
1729,test1729.wav,test1729.wav,44100,1.904058957,3
1730,test1730.wav,test1730.wav,44100,1.950498866,3
1731,test1731.wav,test1731.wav,44100,1.764739229,3
1732,test1732.wav,test1732.wav,44100,1.346780045,2
1733,test1733.wav,test1733.wav,44100,2.925736961,2
1734,test1734.wav,test1734.wav,44100,1.625419501,2
1735,test1735.wav,test1735.wav,44100,1.996938776,2
1736,test1736.wav,test1736.wav,44100,1.811179138,2
1737,test1737.wav,test1737.wav,44100,1.904058957,2
1738,test1738.wav,test1738.wav,44100,1.764739229,2
1739,test1739.wav,test1739.wav,44100,1.71829932,2
1740,test1740.wav,test1740.wav,44100,1.950498866,2
1741,test1741.wav,test1741.wav,44100,1.857619048,2
1742,test1742.wav,test1742.wav,44100,1.996938776,2
1743,test1743.wav,test1743.wav,44100,2.182698413,2
1744,test1744.wav,test1744.wav,44100,1.811179138,2
1745,test1745.wav,test1745.wav,44100,1.811179138,2
1746,test1746.wav,test1746.wav,44100,1.439659864,2
1747,test1747.wav,test1747.wav,44100,1.996938776,2
1748,test1748.wav,test1748.wav,44100,1.950498866,2
1749,test1749.wav,test1749.wav,44100,1.950498866,2
1750,test1750.wav,test1750.wav,44100,2.043378685,2
1751,test1751.wav,test1751.wav,44100,1.764739229,2
1752,test1752.wav,test1752.wav,44100,1.904058957,2
1753,test1753.wav,test1753.wav,44100,1.857619048,2
1754,test1754.wav,test1754.wav,44100,1.161020408,2
1755,test1755.wav,test1755.wav,44100,1.857619048,2
1756,test1756.wav,test1756.wav,44100,1.486099773,2
1757,test1757.wav,test1757.wav,44100,1.950498866,2
1758,test1758.wav,test1758.wav,44100,1.857619048,2
1759,test1759.wav,test1759.wav,44100,1.904058957,3
1760,test1760.wav,test1760.wav,44100,1.950498866,3
1761,test1761.wav,test1761.wav,44100,1.764739229,3
1762,test1762.wav,test1762.wav,44100,1.346780045,2
1763,test1763.wav,test1763.wav,44100,2.925736961,2
1764,test1764.wav,test1764.wav,44100,1.625419501,2
1765,test1765.wav,test1765.wav,44100,1.996938776,2
1766,test1766.wav,test1766.wav,44100,1.811179138,2
1767,test1767.wav,test1767.wav,44100,1.904058957,2
1768,test1768.wav,test1768.wav,44100,1.764739229,2
1769,test1769.wav,test1769.wav,44100,1.71829932,2
1770,test1770.wav,test1770.wav,44100,1.950498866,2
1771,test1771.wav,test1771.wav,44100,1.857619048,2
1772,test1772.wav,test1772.wav,44100,1.996938776,2
1773,test1773.wav,test1773.wav,44100,2.182698413,2
1774,test1774.wav,test1774.wav,44100,1.811179138,2
1775,test1775.wav,test1775.wav,44100,1.811179138,2
1776,test1776.wav,test1776.wav,44100,1.439659864,2
1777,test1777.wav,test1777.wav,44100,1.996938776,2
1778,test1778.wav,test1778.wav,44100,1.950498866,2
1779,test1779.wav,test1779.wav,44100,1.950498866,2
1780,test1780.wav,test1780.wav,44100,2.043378685,2
1781,test1781.wav,test1781.wav,44100,1.996938776,3
1782,test1782.wav,test1782.wav,44100,1.996938776,3
1783,test1783.wav,test1783.wav,44100,1.811179138,3
1784,test1784.wav,test1784.wav,44100,1.857619048,1
1785,test1785.wav,test1785.wav,44100,2.182698413,3
1786,test1786.wav,test1786.wav,44100,1.950498866,3
1787,test1787.wav,test1787.wav,44100,2.043378685,1
1788,test1788.wav,test1788.wav,44100,1.996938776,3
1789,test1789.wav,test1789.wav,44100,1.904058957,2
1790,test1790.wav,test1790.wav,44100,1.06814059,3
1791,test1791.wav,test1791.wav,44100,1.857619048,3
1792,test1792.wav,test1792.wav,44100,1.996938776,3
1793,test1793.wav,test1793.wav,44100,2.043378685,2
1794,test1794.wav,test1794.wav,44100,1.67185941,3
1795,test1795.wav,test1795.wav,44100,2.925736961,3
1796,test1796.wav,test1796.wav,44100,1.67185941,3
1797,test1797.wav,test1797.wav,44100,1.764739229,3
1798,test1798.wav,test1798.wav,44100,1.625419501,3
1799,test1799.wav,test1799.wav,44100,1.393219955,3
1800,test1800.wav,test1800.wav,44100,1.857619048,3
1801,test1801.wav,test1801.wav,44100,2.182698413,3
1802,test1802.wav,test1802.wav,44100,1.857619048,3
1803,test1803.wav,test1803.wav,44100,3.250816327,3
1804,test1804.wav,test1804.wav,44100,1.393219955,3
1805,test1805.wav,test1805.wav,44100,1.71829932,3
1806,test1806.wav,test1806.wav,44100,1.578979592,3
1807,test1807.wav,test1807.wav,44100,1.67185941,3
1808,test1808.wav,test1808.wav,44100,1.578979592,3
1809,test1809.wav,test1809.wav,44100,1.996938776,3
1810,test1810.wav,test1810.wav,44100,1.996938776,3
1811,test1811.wav,test1811.wav,44100,1.996938776,3
1812,test1812.wav,test1812.wav,44100,1.996938776,3
1813,test1813.wav,test1813.wav,44100,1.811179138,3
1814,test1814.wav,test1814.wav,44100,1.857619048,1
1815,test1815.wav,test1815.wav,44100,2.182698413,3
1816,test1816.wav,test1816.wav,44100,1.950498866,3
1817,test1817.wav,test1817.wav,44100,2.043378685,1
1818,test1818.wav,test1818.wav,44100,1.996938776,3
1819,test1819.wav,test1819.wav,44100,1.904058957,2
1820,test1820.wav,test1820.wav,44100,1.06814059,3
1821,test1821.wav,test1821.wav,44100,1.857619048,3
1822,test1822.wav,test1822.wav,44100,1.996938776,3
1823,test1823.wav,test1823.wav,44100,2.043378685,2
1824,test1824.wav,test1824.wav,44100,1.67185941,3
1825,test1825.wav,test1825.wav,44100,2.925736961,3
1826,test1826.wav,test1826.wav,44100,1.67185941,3
1827,test1827.wav,test1827.wav,44100,1.764739229,3
1828,test1828.wav,test1828.wav,44100,1.625419501,3
1829,test1829.wav,test1829.wav,44100,1.393219955,3
1830,test1830.wav,test1830.wav,44100,1.857619048,3
1831,test1831.wav,test1831.wav,44100,2.182698413,3
1832,test1832.wav,test1832.wav,44100,1.857619048,3
1833,test1833.wav,test1833.wav,44100,3.250816327,3
1834,test1834.wav,test1834.wav,44100,1.393219955,3
1835,test1835.wav,test1835.wav,44100,2.36845805,1
1836,test1836.wav,test1836.wav,44100,2.36845805,2
1837,test1837.wav,test1837.wav,44100,0.975260771,1
1838,test1838.wav,test1838.wav,44100,2.089818594,3
1839,test1839.wav,test1839.wav,44100,1.300340136,3
1840,test1840.wav,test1840.wav,44100,1.950498866,1
1841,test1841.wav,test1841.wav,44100,2.36845805,1
1842,test1842.wav,test1842.wav,44100,2.36845805,2
1843,test1843.wav,test1843.wav,44100,0.975260771,1
1844,test1844.wav,test1844.wav,44100,2.089818594,3
1845,test1845.wav,test1845.wav,44100,1.300340136,3
1846,test1846.wav,test1846.wav,44100,1.950498866,1
1847,test1847.wav,test1847.wav,44100,2.36845805,1
1848,test1848.wav,test1848.wav,44100,2.36845805,2
1849,test1849.wav,test1849.wav,44100,0.975260771,1
1850,test1850.wav,test1850.wav,44100,2.089818594,3
1851,test1851.wav,test1851.wav,44100,1.300340136,3
1852,test1852.wav,test1852.wav,44100,1.950498866,1
1853,test1853.wav,test1853.wav,44100,2.36845805,1
1854,test1854.wav,test1854.wav,44100,2.36845805,2
1855,test1855.wav,test1855.wav,44100,0.975260771,1
1856,test1856.wav,test1856.wav,44100,2.089818594,3
1857,test1857.wav,test1857.wav,44100,1.300340136,3
1858,test1858.wav,test1858.wav,44100,1.950498866,1
1859,test1859.wav,test1859.wav,44100,2.36845805,1
1860,test1860.wav,test1860.wav,44100,2.36845805,2
1861,test1861.wav,test1861.wav,44100,0.975260771,1
1862,test1862.wav,test1862.wav,44100,2.089818594,3
1863,test1863.wav,test1863.wav,44100,1.300340136,3
1864,test1864.wav,test1864.wav,44100,1.950498866,1
1865,test1865.wav,test1865.wav,44100,2.36845805,1
1866,test1866.wav,test1866.wav,44100,2.36845805,2
1867,test1867.wav,test1867.wav,44100,0.975260771,1
1868,test1868.wav,test1868.wav,44100,2.089818594,3
1869,test1869.wav,test1869.wav,44100,1.300340136,3
1870,test1870.wav,test1870.wav,44100,1.950498866,1
1871,test1871.wav,test1871.wav,44100,2.36845805,1
1872,test1872.wav,test1872.wav,44100,2.36845805,2
1873,test1873.wav,test1873.wav,44100,0.975260771,1
1874,test1874.wav,test1874.wav,44100,2.089818594,3
1875,test1875.wav,test1875.wav,44100,1.300340136,3
1876,test1876.wav,test1876.wav,44100,1.950498866,1
1877,test1877.wav,test1877.wav,44100,2.36845805,1
1878,test1878.wav,test1878.wav,44100,2.36845805,2
1879,test1879.wav,test1879.wav,44100,0.975260771,1
1880,test1880.wav,test1880.wav,44100,2.089818594,3
1881,test1881.wav,test1881.wav,44100,1.300340136,3
1882,test1882.wav,test1882.wav,44100,1.950498866,1
1883,test1883.wav,test1883.wav,44100,2.36845805,1
1884,test1884.wav,test1884.wav,44100,2.36845805,2
1885,test1885.wav,test1885.wav,44100,0.975260771,1
1886,test1886.wav,test1886.wav,44100,2.089818594,3
1887,test1887.wav,test1887.wav,44100,1.300340136,3
1888,test1888.wav,test1888.wav,44100,1.950498866,1
1889,test1889.wav,test1889.wav,44100,2.36845805,1
1890,test1890.wav,test1890.wav,44100,2.36845805,2
1891,test1891.wav,test1891.wav,44100,0.975260771,1
1892,test1892.wav,test1892.wav,44100,2.089818594,3
1893,test1893.wav,test1893.wav,44100,1.300340136,3
1894,test1894.wav,test1894.wav,44100,1.950498866,1
1895,test1895.wav,test1895.wav,44100,2.36845805,1
1896,test1896.wav,test1896.wav,44100,2.36845805,2
1897,test1897.wav,test1897.wav,44100,0.975260771,1
1898,test1898.wav,test1898.wav,44100,2.089818594,3
1899,test1899.wav,test1899.wav,44100,1.300340136,3
1900,test1900.wav,test1900.wav,44100,1.950498866,1
1901,test1901.wav,test1901.wav,44100,2.36845805,1
1902,test1902.wav,test1902.wav,44100,2.36845805,2
1903,test1903.wav,test1903.wav,44100,0.975260771,1
1904,test1904.wav,test1904.wav,44100,2.089818594,3
1905,test1905.wav,test1905.wav,44100,1.300340136,3
1906,test1906.wav,test1906.wav,44100,1.950498866,1
1907,test1907.wav,test1907.wav,44100,2.36845805,1
1908,test1908.wav,test1908.wav,44100,2.36845805,2
1909,test1909.wav,test1909.wav,44100,0.975260771,1
1910,test1910.wav,test1910.wav,44100,2.089818594,3
1911,test1911.wav,test1911.wav,44100,1.300340136,3
1912,test1912.wav,test1912.wav,44100,1.950498866,1
1913,test1913.wav,test1913.wav,44100,2.36845805,1
1914,test1914.wav,test1914.wav,44100,2.36845805,2
1915,test1915.wav,test1915.wav,44100,0.975260771,1
1916,test1916.wav,test1916.wav,44100,2.089818594,3
1917,test1917.wav,test1917.wav,44100,1.300340136,3
1918,test1918.wav,test1918.wav,44100,1.950498866,1
1919,test1919.wav,test1919.wav,44100,2.36845805,1
1920,test1920.wav,test1920.wav,44100,2.36845805,2
1921,test1921.wav,test1921.wav,44100,0.975260771,1
1922,test1922.wav,test1922.wav,44100,2.089818594,3
1923,test1923.wav,test1923.wav,44100,1.300340136,3
1924,test1924.wav,test1924.wav,44100,1.950498866,1
1925,test1925.wav,test1925.wav,44100,2.36845805,1
1926,test1926.wav,test1926.wav,44100,2.36845805,2
1927,test1927.wav,test1927.wav,44100,0.975260771,1
1928,test1928.wav,test1928.wav,44100,2.089818594,3
1929,test1929.wav,test1929.wav,44100,1.300340136,3
1930,test1930.wav,test1930.wav,44100,1.950498866,1
1931,test1931.wav,test1931.wav,44100,2.36845805,1
1932,test1932.wav,test1932.wav,44100,2.36845805,2
1933,test1933.wav,test1933.wav,44100,0.975260771,1
1934,test1934.wav,test1934.wav,44100,2.089818594,3
1935,test1935.wav,test1935.wav,44100,1.904058957,1
1936,test1936.wav,test1936.wav,44100,1.393219955,1
1937,test1937.wav,test1937.wav,44100,1.904058957,1
1938,test1938.wav,test1938.wav,44100,1.393219955,1
1939,test1939.wav,test1939.wav,44100,1.857619048,1
1940,test1940.wav,test1940.wav,44100,1.764739229,1
1941,test1941.wav,test1941.wav,44100,2.554217687,1
1942,test1942.wav,test1942.wav,44100,1.67185941,1
1943,test1943.wav,test1943.wav,44100,1.71829932,1
1944,test1944.wav,test1944.wav,44100,1.253900227,1
1945,test1945.wav,test1945.wav,44100,1.625419501,1
1946,test1946.wav,test1946.wav,44100,2.043378685,1
1947,test1947.wav,test1947.wav,44100,1.67185941,2
1948,test1948.wav,test1948.wav,44100,1.811179138,1
1949,test1949.wav,test1949.wav,44100,1.578979592,1
1950,test1950.wav,test1950.wav,44100,1.764739229,1
1951,test1951.wav,test1951.wav,44100,1.811179138,1
1952,test1952.wav,test1952.wav,44100,0.835941043,1
1953,test1953.wav,test1953.wav,44100,1.811179138,1
1954,test1954.wav,test1954.wav,44100,1.578979592,1
1955,test1955.wav,test1955.wav,44100,1.764739229,1
1956,test1956.wav,test1956.wav,44100,1.764739229,1
1957,test1957.wav,test1957.wav,44100,1.996938776,1
1958,test1958.wav,test1958.wav,44100,1.346780045,1
1959,test1959.wav,test1959.wav,44100,1.393219955,1
1960,test1960.wav,test1960.wav,44100,1.439659864,1
1961,test1961.wav,test1961.wav,44100,1.578979592,1
1962,test1962.wav,test1962.wav,44100,1.857619048,1
1963,test1963.wav,test1963.wav,44100,1.764739229,1
1964,test1964.wav,test1964.wav,44100,1.857619048,1
1965,test1965.wav,test1965.wav,44100,1.904058957,1
1966,test1966.wav,test1966.wav,44100,1.950498866,3
1967,test1967.wav,test1967.wav,44100,1.67185941,3
1968,test1968.wav,test1968.wav,44100,1.486099773,3
1969,test1969.wav,test1969.wav,44100,1.811179138,1
1970,test1970.wav,test1970.wav,44100,1.253900227,1
1971,test1971.wav,test1971.wav,44100,1.439659864,3
1972,test1972.wav,test1972.wav,44100,1.67185941,1
1973,test1973.wav,test1973.wav,44100,1.996938776,1
1974,test1974.wav,test1974.wav,44100,1.996938776,1
1975,test1975.wav,test1975.wav,44100,1.764739229,1
1976,test1976.wav,test1976.wav,44100,1.439659864,1
1977,test1977.wav,test1977.wav,44100,1.439659864,1
1978,test1978.wav,test1978.wav,44100,1.857619048,1
1979,test1979.wav,test1979.wav,44100,1.532539683,1
1980,test1980.wav,test1980.wav,44100,1.904058957,2
1981,test1981.wav,test1981.wav,44100,1.996938776,1
1982,test1982.wav,test1982.wav,44100,1.904058957,1
1983,test1983.wav,test1983.wav,44100,1.532539683,1
1984,test1984.wav,test1984.wav,44100,1.486099773,1
1985,test1985.wav,test1985.wav,44100,1.904058957,1
1986,test1986.wav,test1986.wav,44100,1.857619048,1
1987,test1987.wav,test1987.wav,44100,1.811179138,1
1988,test1988.wav,test1988.wav,44100,1.625419501,1
1989,test1989.wav,test1989.wav,44100,1.950498866,2
1990,test1990.wav,test1990.wav,44100,1.857619048,2
1991,test1991.wav,test1991.wav,44100,1.904058957,3
1992,test1992.wav,test1992.wav,44100,1.950498866,3
1993,test1993.wav,test1993.wav,44100,1.764739229,3
1994,test1994.wav,test1994.wav,44100,1.346780045,2
1995,test1995.wav,test1995.wav,44100,2.925736961,2
1996,test1996.wav,test1996.wav,44100,1.625419501,2
1997,test1997.wav,test1997.wav,44100,1.996938776,2
1998,test1998.wav,test1998.wav,44100,1.811179138,2
1999,test1999.wav,test1999.wav,44100,1.904058957,2
2000,test2000.wav,test2000.wav,44100,1.764739229,2
